case_id,frame_index,height,image_path,input_domain,label_source,mask_path,mask_type,medical_boundary,quality_status,review_state,sample_weight,source_candidate_id,source_case_id,source_manifest_path,source_record_type,source_roi_id,source_video_path,split,timestamp_sec,width
vsm_d046_video_signal_OFDVDNET_001_frame_000000_c996d9b591_fluorescence_hotspot_ad83de208e2f,0,1536,C:\Users\876762330\Desktop\projects\osteo-vision\research\datasets\public-candidates\d046_fluorescence_osteomyelitis_videos\derived\video_signal_segmentation_20260706\keyframes\d046_video_signal_OFDVDNET_001_frame_000000_c996d9b591.jpg,OFDVDnet mock chicken-thigh FGS proxy; not jaw osteomyelitis or real intraoperative target-domain data.,fluorescence_intensity_proxy_mask,C:\Users\876762330\Desktop\projects\osteo-vision\research\datasets\public-candidates\d046_fluorescence_osteomyelitis_videos\derived\video_signal_segmentation_20260706\masks_proxy\d046_video_signal_OFDVDNET_001_frame_000000_c996d9b591_fluorescence_signal_mask.png,fluorescence_hotspot,"This multi-mask manifest merges public/proxy video-signal masks and prompt-assisted review masks. It is for platform model training and error analysis only, not real intraoperative ICG jaw osteomyelitis clinical ground truth.",accepted,review_required,1.0,,d046_video_signal_OFDVDNET_001_frame_000000_c996d9b591,C:\Users\876762330\Desktop\projects\osteo-vision\research\datasets\public-candidates\d046_fluorescence_osteomyelitis_videos\derived\video_signal_segmentation_20260706\video_signal_segmentation_manifest.csv,video_signal_manifest,,C:\Users\876762330\Desktop\projects\osteo-vision\research\datasets\public-candidates\d046_fluorescence_osteomyelitis_videos\raw\fluorescence_proxy\ofdvdnet_dryad_v6wwpzh3w\extracted\OL-2021-07-20-121707-000004-record.mp4,train,0.0,2048
vsm_d046_video_signal_OFDVDNET_001_frame_000192_157b617ea0_fluorescence_hotspot_c8b45c538a4a,192,1536,C:\Users\876762330\Desktop\projects\osteo-vision\research\datasets\public-candidates\d046_fluorescence_osteomyelitis_videos\derived\video_signal_segmentation_20260706\keyframes\d046_video_signal_OFDVDNET_001_frame_000192_157b617ea0.jpg,OFDVDnet mock chicken-thigh FGS proxy; not jaw osteomyelitis or real intraoperative target-domain data.,fluorescence_intensity_proxy_mask,C:\Users\876762330\Desktop\projects\osteo-vision\research\datasets\public-candidates\d046_fluorescence_osteomyelitis_videos\derived\video_signal_segmentation_20260706\masks_proxy\d046_video_signal_OFDVDNET_001_frame_000192_157b617ea0_fluorescence_signal_mask.png,fluorescence_hotspot,"This multi-mask manifest merges public/proxy video-signal masks and prompt-assisted review masks. It is for platform model training and error analysis only, not real intraoperative ICG jaw osteomyelitis clinical ground truth.",accepted,review_required,1.0,,d046_video_signal_OFDVDNET_001_frame_000192_157b617ea0,C:\Users\876762330\Desktop\projects\osteo-vision\research\datasets\public-candidates\d046_fluorescence_osteomyelitis_videos\derived\video_signal_segmentation_20260706\video_signal_segmentation_manifest.csv,video_signal_manifest,,C:\Users\876762330\Desktop\projects\osteo-vision\research\datasets\public-candidates\d046_fluorescence_osteomyelitis_videos\raw\fluorescence_proxy\ofdvdnet_dryad_v6wwpzh3w\extracted\OL-2021-07-20-121707-000004-record.mp4,val,12.8,2048
vsm_d046_video_signal_OFDVDNET_001_frame_000384_4df21f513d_fluorescence_hotspot_eff464e4926c,384,1536,C:\Users\876762330\Desktop\projects\osteo-vision\research\datasets\public-candidates\d046_fluorescence_osteomyelitis_videos\derived\video_signal_segmentation_20260706\keyframes\d046_video_signal_OFDVDNET_001_frame_000384_4df21f513d.jpg,OFDVDnet mock chicken-thigh FGS proxy; not jaw osteomyelitis or real intraoperative target-domain data.,fluorescence_intensity_proxy_mask,C:\Users\876762330\Desktop\projects\osteo-vision\research\datasets\public-candidates\d046_fluorescence_osteomyelitis_videos\derived\video_signal_segmentation_20260706\masks_proxy\d046_video_signal_OFDVDNET_001_frame_000384_4df21f513d_fluorescence_signal_mask.png,fluorescence_hotspot,"This multi-mask manifest merges public/proxy video-signal masks and prompt-assisted review masks. It is for platform model training and error analysis only, not real intraoperative ICG jaw osteomyelitis clinical ground truth.",accepted,review_required,1.0,,d046_video_signal_OFDVDNET_001_frame_000384_4df21f513d,C:\Users\876762330\Desktop\projects\osteo-vision\research\datasets\public-candidates\d046_fluorescence_osteomyelitis_videos\derived\video_signal_segmentation_20260706\video_signal_segmentation_manifest.csv,video_signal_manifest,,C:\Users\876762330\Desktop\projects\osteo-vision\research\datasets\public-candidates\d046_fluorescence_osteomyelitis_videos\raw\fluorescence_proxy\ofdvdnet_dryad_v6wwpzh3w\extracted\OL-2021-07-20-121707-000004-record.mp4,train,25.6,2048
vsm_d046_video_signal_OFDVDNET_001_frame_000577_1ab8848a55_fluorescence_hotspot_8d9629b083b6,577,1536,C:\Users\876762330\Desktop\projects\osteo-vision\research\datasets\public-candidates\d046_fluorescence_osteomyelitis_videos\derived\video_signal_segmentation_20260706\keyframes\d046_video_signal_OFDVDNET_001_frame_000577_1ab8848a55.jpg,OFDVDnet mock chicken-thigh FGS proxy; not jaw osteomyelitis or real intraoperative target-domain data.,fluorescence_intensity_proxy_mask,C:\Users\876762330\Desktop\projects\osteo-vision\research\datasets\public-candidates\d046_fluorescence_osteomyelitis_videos\derived\video_signal_segmentation_20260706\masks_proxy\d046_video_signal_OFDVDNET_001_frame_000577_1ab8848a55_fluorescence_signal_mask.png,fluorescence_hotspot,"This multi-mask manifest merges public/proxy video-signal masks and prompt-assisted review masks. It is for platform model training and error analysis only, not real intraoperative ICG jaw osteomyelitis clinical ground truth.",accepted,review_required,1.0,,d046_video_signal_OFDVDNET_001_frame_000577_1ab8848a55,C:\Users\876762330\Desktop\projects\osteo-vision\research\datasets\public-candidates\d046_fluorescence_osteomyelitis_videos\derived\video_signal_segmentation_20260706\video_signal_segmentation_manifest.csv,video_signal_manifest,,C:\Users\876762330\Desktop\projects\osteo-vision\research\datasets\public-candidates\d046_fluorescence_osteomyelitis_videos\raw\fluorescence_proxy\ofdvdnet_dryad_v6wwpzh3w\extracted\OL-2021-07-20-121707-000004-record.mp4,train,38.466667,2048
vsm_d046_video_signal_OFDVDNET_001_frame_000769_42c7678a86_fluorescence_hotspot_35824d5dbfda,769,1536,C:\Users\876762330\Desktop\projects\osteo-vision\research\datasets\public-candidates\d046_fluorescence_osteomyelitis_videos\derived\video_signal_segmentation_20260706\keyframes\d046_video_signal_OFDVDNET_001_frame_000769_42c7678a86.jpg,OFDVDnet mock chicken-thigh FGS proxy; not jaw osteomyelitis or real intraoperative target-domain data.,fluorescence_intensity_proxy_mask,C:\Users\876762330\Desktop\projects\osteo-vision\research\datasets\public-candidates\d046_fluorescence_osteomyelitis_videos\derived\video_signal_segmentation_20260706\masks_proxy\d046_video_signal_OFDVDNET_001_frame_000769_42c7678a86_fluorescence_signal_mask.png,fluorescence_hotspot,"This multi-mask manifest merges public/proxy video-signal masks and prompt-assisted review masks. It is for platform model training and error analysis only, not real intraoperative ICG jaw osteomyelitis clinical ground truth.",accepted,review_required,1.0,,d046_video_signal_OFDVDNET_001_frame_000769_42c7678a86,C:\Users\876762330\Desktop\projects\osteo-vision\research\datasets\public-candidates\d046_fluorescence_osteomyelitis_videos\derived\video_signal_segmentation_20260706\video_signal_segmentation_manifest.csv,video_signal_manifest,,C:\Users\876762330\Desktop\projects\osteo-vision\research\datasets\public-candidates\d046_fluorescence_osteomyelitis_videos\raw\fluorescence_proxy\ofdvdnet_dryad_v6wwpzh3w\extracted\OL-2021-07-20-121707-000004-record.mp4,train,51.266667,2048
vsm_d046_video_signal_OFDVDNET_002_frame_000000_966494e5f1_fluorescence_hotspot_1e89c9d82ea2,0,1536,C:\Users\876762330\Desktop\projects\osteo-vision\research\datasets\public-candidates\d046_fluorescence_osteomyelitis_videos\derived\video_signal_segmentation_20260706\keyframes\d046_video_signal_OFDVDNET_002_frame_000000_966494e5f1.jpg,OFDVDnet mock chicken-thigh FGS proxy; not jaw osteomyelitis or real intraoperative target-domain data.,fluorescence_intensity_proxy_mask,C:\Users\876762330\Desktop\projects\osteo-vision\research\datasets\public-candidates\d046_fluorescence_osteomyelitis_videos\derived\video_signal_segmentation_20260706\masks_proxy\d046_video_signal_OFDVDNET_002_frame_000000_966494e5f1_fluorescence_signal_mask.png,fluorescence_hotspot,"This multi-mask manifest merges public/proxy video-signal masks and prompt-assisted review masks. It is for platform model training and error analysis only, not real intraoperative ICG jaw osteomyelitis clinical ground truth.",accepted,review_required,1.0,,d046_video_signal_OFDVDNET_002_frame_000000_966494e5f1,C:\Users\876762330\Desktop\projects\osteo-vision\research\datasets\public-candidates\d046_fluorescence_osteomyelitis_videos\derived\video_signal_segmentation_20260706\video_signal_segmentation_manifest.csv,video_signal_manifest,,C:\Users\876762330\Desktop\projects\osteo-vision\research\datasets\public-candidates\d046_fluorescence_osteomyelitis_videos\raw\fluorescence_proxy\ofdvdnet_dryad_v6wwpzh3w\extracted\OL-2021-07-20-121809-000007-record.mp4,train,0.0,2048
vsm_d046_video_signal_OFDVDNET_002_frame_000300_cd1ae4fc10_fluorescence_hotspot_c6c3f0b0a947,300,1536,C:\Users\876762330\Desktop\projects\osteo-vision\research\datasets\public-candidates\d046_fluorescence_osteomyelitis_videos\derived\video_signal_segmentation_20260706\keyframes\d046_video_signal_OFDVDNET_002_frame_000300_cd1ae4fc10.jpg,OFDVDnet mock chicken-thigh FGS proxy; not jaw osteomyelitis or real intraoperative target-domain data.,fluorescence_intensity_proxy_mask,C:\Users\876762330\Desktop\projects\osteo-vision\research\datasets\public-candidates\d046_fluorescence_osteomyelitis_videos\derived\video_signal_segmentation_20260706\masks_proxy\d046_video_signal_OFDVDNET_002_frame_000300_cd1ae4fc10_fluorescence_signal_mask.png,fluorescence_hotspot,"This multi-mask manifest merges public/proxy video-signal masks and prompt-assisted review masks. It is for platform model training and error analysis only, not real intraoperative ICG jaw osteomyelitis clinical ground truth.",accepted,review_required,1.0,,d046_video_signal_OFDVDNET_002_frame_000300_cd1ae4fc10,C:\Users\876762330\Desktop\projects\osteo-vision\research\datasets\public-candidates\d046_fluorescence_osteomyelitis_videos\derived\video_signal_segmentation_20260706\video_signal_segmentation_manifest.csv,video_signal_manifest,,C:\Users\876762330\Desktop\projects\osteo-vision\research\datasets\public-candidates\d046_fluorescence_osteomyelitis_videos\raw\fluorescence_proxy\ofdvdnet_dryad_v6wwpzh3w\extracted\OL-2021-07-20-121809-000007-record.mp4,train,20.0,2048
vsm_d046_video_signal_OFDVDNET_002_frame_000600_a8499555db_fluorescence_hotspot_3678d76bb7a3,600,1536,C:\Users\876762330\Desktop\projects\osteo-vision\research\datasets\public-candidates\d046_fluorescence_osteomyelitis_videos\derived\video_signal_segmentation_20260706\keyframes\d046_video_signal_OFDVDNET_002_frame_000600_a8499555db.jpg,OFDVDnet mock chicken-thigh FGS proxy; not jaw osteomyelitis or real intraoperative target-domain data.,fluorescence_intensity_proxy_mask,C:\Users\876762330\Desktop\projects\osteo-vision\research\datasets\public-candidates\d046_fluorescence_osteomyelitis_videos\derived\video_signal_segmentation_20260706\masks_proxy\d046_video_signal_OFDVDNET_002_frame_000600_a8499555db_fluorescence_signal_mask.png,fluorescence_hotspot,"This multi-mask manifest merges public/proxy video-signal masks and prompt-assisted review masks. It is for platform model training and error analysis only, not real intraoperative ICG jaw osteomyelitis clinical ground truth.",accepted,review_required,1.0,,d046_video_signal_OFDVDNET_002_frame_000600_a8499555db,C:\Users\876762330\Desktop\projects\osteo-vision\research\datasets\public-candidates\d046_fluorescence_osteomyelitis_videos\derived\video_signal_segmentation_20260706\video_signal_segmentation_manifest.csv,video_signal_manifest,,C:\Users\876762330\Desktop\projects\osteo-vision\research\datasets\public-candidates\d046_fluorescence_osteomyelitis_videos\raw\fluorescence_proxy\ofdvdnet_dryad_v6wwpzh3w\extracted\OL-2021-07-20-121809-000007-record.mp4,train,40.0,2048
vsm_d046_video_signal_OFDVDNET_002_frame_000901_b6f827fe0a_fluorescence_hotspot_6f1be85c71c6,901,1536,C:\Users\876762330\Desktop\projects\osteo-vision\research\datasets\public-candidates\d046_fluorescence_osteomyelitis_videos\derived\video_signal_segmentation_20260706\keyframes\d046_video_signal_OFDVDNET_002_frame_000901_b6f827fe0a.jpg,OFDVDnet mock chicken-thigh FGS proxy; not jaw osteomyelitis or real intraoperative target-domain data.,fluorescence_intensity_proxy_mask,C:\Users\876762330\Desktop\projects\osteo-vision\research\datasets\public-candidates\d046_fluorescence_osteomyelitis_videos\derived\video_signal_segmentation_20260706\masks_proxy\d046_video_signal_OFDVDNET_002_frame_000901_b6f827fe0a_fluorescence_signal_mask.png,fluorescence_hotspot,"This multi-mask manifest merges public/proxy video-signal masks and prompt-assisted review masks. It is for platform model training and error analysis only, not real intraoperative ICG jaw osteomyelitis clinical ground truth.",accepted,review_required,1.0,,d046_video_signal_OFDVDNET_002_frame_000901_b6f827fe0a,C:\Users\876762330\Desktop\projects\osteo-vision\research\datasets\public-candidates\d046_fluorescence_osteomyelitis_videos\derived\video_signal_segmentation_20260706\video_signal_segmentation_manifest.csv,video_signal_manifest,,C:\Users\876762330\Desktop\projects\osteo-vision\research\datasets\public-candidates\d046_fluorescence_osteomyelitis_videos\raw\fluorescence_proxy\ofdvdnet_dryad_v6wwpzh3w\extracted\OL-2021-07-20-121809-000007-record.mp4,val,60.066667,2048
vsm_d046_video_signal_OFDVDNET_002_frame_001201_6f7551386c_fluorescence_hotspot_a75148aaaeeb,1201,1536,C:\Users\876762330\Desktop\projects\osteo-vision\research\datasets\public-candidates\d046_fluorescence_osteomyelitis_videos\derived\video_signal_segmentation_20260706\keyframes\d046_video_signal_OFDVDNET_002_frame_001201_6f7551386c.jpg,OFDVDnet mock chicken-thigh FGS proxy; not jaw osteomyelitis or real intraoperative target-domain data.,fluorescence_intensity_proxy_mask,C:\Users\876762330\Desktop\projects\osteo-vision\research\datasets\public-candidates\d046_fluorescence_osteomyelitis_videos\derived\video_signal_segmentation_20260706\masks_proxy\d046_video_signal_OFDVDNET_002_frame_001201_6f7551386c_fluorescence_signal_mask.png,fluorescence_hotspot,"This multi-mask manifest merges public/proxy video-signal masks and prompt-assisted review masks. It is for platform model training and error analysis only, not real intraoperative ICG jaw osteomyelitis clinical ground truth.",accepted,review_required,1.0,,d046_video_signal_OFDVDNET_002_frame_001201_6f7551386c,C:\Users\876762330\Desktop\projects\osteo-vision\research\datasets\public-candidates\d046_fluorescence_osteomyelitis_videos\derived\video_signal_segmentation_20260706\video_signal_segmentation_manifest.csv,video_signal_manifest,,C:\Users\876762330\Desktop\projects\osteo-vision\research\datasets\public-candidates\d046_fluorescence_osteomyelitis_videos\raw\fluorescence_proxy\ofdvdnet_dryad_v6wwpzh3w\extracted\OL-2021-07-20-121809-000007-record.mp4,train,80.066667,2048
vsm_d046_video_signal_OFDVDNET_003_frame_000000_77d14f891a_fluorescence_hotspot_14cfabe1e69e,0,1536,C:\Users\876762330\Desktop\projects\osteo-vision\research\datasets\public-candidates\d046_fluorescence_osteomyelitis_videos\derived\video_signal_segmentation_20260706\keyframes\d046_video_signal_OFDVDNET_003_frame_000000_77d14f891a.jpg,OFDVDnet mock chicken-thigh FGS proxy; not jaw osteomyelitis or real intraoperative target-domain data.,fluorescence_intensity_proxy_mask,C:\Users\876762330\Desktop\projects\osteo-vision\research\datasets\public-candidates\d046_fluorescence_osteomyelitis_videos\derived\video_signal_segmentation_20260706\masks_proxy\d046_video_signal_OFDVDNET_003_frame_000000_77d14f891a_fluorescence_signal_mask.png,fluorescence_hotspot,"This multi-mask manifest merges public/proxy video-signal masks and prompt-assisted review masks. It is for platform model training and error analysis only, not real intraoperative ICG jaw osteomyelitis clinical ground truth.",accepted,review_required,1.0,,d046_video_signal_OFDVDNET_003_frame_000000_77d14f891a,C:\Users\876762330\Desktop\projects\osteo-vision\research\datasets\public-candidates\d046_fluorescence_osteomyelitis_videos\derived\video_signal_segmentation_20260706\video_signal_segmentation_manifest.csv,video_signal_manifest,,C:\Users\876762330\Desktop\projects\osteo-vision\research\datasets\public-candidates\d046_fluorescence_osteomyelitis_videos\raw\fluorescence_proxy\ofdvdnet_dryad_v6wwpzh3w\extracted\OL-2021-07-20-121933-000010-record.mp4,train,0.0,2048
vsm_d046_video_signal_OFDVDNET_003_frame_000284_4bf8ce89b6_fluorescence_hotspot_0f0083ce662f,284,1536,C:\Users\876762330\Desktop\projects\osteo-vision\research\datasets\public-candidates\d046_fluorescence_osteomyelitis_videos\derived\video_signal_segmentation_20260706\keyframes\d046_video_signal_OFDVDNET_003_frame_000284_4bf8ce89b6.jpg,OFDVDnet mock chicken-thigh FGS proxy; not jaw osteomyelitis or real intraoperative target-domain data.,fluorescence_intensity_proxy_mask,C:\Users\876762330\Desktop\projects\osteo-vision\research\datasets\public-candidates\d046_fluorescence_osteomyelitis_videos\derived\video_signal_segmentation_20260706\masks_proxy\d046_video_signal_OFDVDNET_003_frame_000284_4bf8ce89b6_fluorescence_signal_mask.png,fluorescence_hotspot,"This multi-mask manifest merges public/proxy video-signal masks and prompt-assisted review masks. It is for platform model training and error analysis only, not real intraoperative ICG jaw osteomyelitis clinical ground truth.",accepted,review_required,1.0,,d046_video_signal_OFDVDNET_003_frame_000284_4bf8ce89b6,C:\Users\876762330\Desktop\projects\osteo-vision\research\datasets\public-candidates\d046_fluorescence_osteomyelitis_videos\derived\video_signal_segmentation_20260706\video_signal_segmentation_manifest.csv,video_signal_manifest,,C:\Users\876762330\Desktop\projects\osteo-vision\research\datasets\public-candidates\d046_fluorescence_osteomyelitis_videos\raw\fluorescence_proxy\ofdvdnet_dryad_v6wwpzh3w\extracted\OL-2021-07-20-121933-000010-record.mp4,train,18.933333,2048
vsm_d046_video_signal_OFDVDNET_003_frame_000568_22038a51d2_fluorescence_hotspot_ba1d4ed38481,568,1536,C:\Users\876762330\Desktop\projects\osteo-vision\research\datasets\public-candidates\d046_fluorescence_osteomyelitis_videos\derived\video_signal_segmentation_20260706\keyframes\d046_video_signal_OFDVDNET_003_frame_000568_22038a51d2.jpg,OFDVDnet mock chicken-thigh FGS proxy; not jaw osteomyelitis or real intraoperative target-domain data.,fluorescence_intensity_proxy_mask,C:\Users\876762330\Desktop\projects\osteo-vision\research\datasets\public-candidates\d046_fluorescence_osteomyelitis_videos\derived\video_signal_segmentation_20260706\masks_proxy\d046_video_signal_OFDVDNET_003_frame_000568_22038a51d2_fluorescence_signal_mask.png,fluorescence_hotspot,"This multi-mask manifest merges public/proxy video-signal masks and prompt-assisted review masks. It is for platform model training and error analysis only, not real intraoperative ICG jaw osteomyelitis clinical ground truth.",accepted,review_required,1.0,,d046_video_signal_OFDVDNET_003_frame_000568_22038a51d2,C:\Users\876762330\Desktop\projects\osteo-vision\research\datasets\public-candidates\d046_fluorescence_osteomyelitis_videos\derived\video_signal_segmentation_20260706\video_signal_segmentation_manifest.csv,video_signal_manifest,,C:\Users\876762330\Desktop\projects\osteo-vision\research\datasets\public-candidates\d046_fluorescence_osteomyelitis_videos\raw\fluorescence_proxy\ofdvdnet_dryad_v6wwpzh3w\extracted\OL-2021-07-20-121933-000010-record.mp4,train,37.866667,2048
vsm_d046_video_signal_OFDVDNET_003_frame_000851_e5009bf208_fluorescence_hotspot_9b3460045bd3,851,1536,C:\Users\876762330\Desktop\projects\osteo-vision\research\datasets\public-candidates\d046_fluorescence_osteomyelitis_videos\derived\video_signal_segmentation_20260706\keyframes\d046_video_signal_OFDVDNET_003_frame_000851_e5009bf208.jpg,OFDVDnet mock chicken-thigh FGS proxy; not jaw osteomyelitis or real intraoperative target-domain data.,fluorescence_intensity_proxy_mask,C:\Users\876762330\Desktop\projects\osteo-vision\research\datasets\public-candidates\d046_fluorescence_osteomyelitis_videos\derived\video_signal_segmentation_20260706\masks_proxy\d046_video_signal_OFDVDNET_003_frame_000851_e5009bf208_fluorescence_signal_mask.png,fluorescence_hotspot,"This multi-mask manifest merges public/proxy video-signal masks and prompt-assisted review masks. It is for platform model training and error analysis only, not real intraoperative ICG jaw osteomyelitis clinical ground truth.",accepted,review_required,1.0,,d046_video_signal_OFDVDNET_003_frame_000851_e5009bf208,C:\Users\876762330\Desktop\projects\osteo-vision\research\datasets\public-candidates\d046_fluorescence_osteomyelitis_videos\derived\video_signal_segmentation_20260706\video_signal_segmentation_manifest.csv,video_signal_manifest,,C:\Users\876762330\Desktop\projects\osteo-vision\research\datasets\public-candidates\d046_fluorescence_osteomyelitis_videos\raw\fluorescence_proxy\ofdvdnet_dryad_v6wwpzh3w\extracted\OL-2021-07-20-121933-000010-record.mp4,train,56.733333,2048
vsm_d046_video_signal_OFDVDNET_003_frame_001135_b533c3e278_fluorescence_hotspot_20fa8745aad6,1135,1536,C:\Users\876762330\Desktop\projects\osteo-vision\research\datasets\public-candidates\d046_fluorescence_osteomyelitis_videos\derived\video_signal_segmentation_20260706\keyframes\d046_video_signal_OFDVDNET_003_frame_001135_b533c3e278.jpg,OFDVDnet mock chicken-thigh FGS proxy; not jaw osteomyelitis or real intraoperative target-domain data.,fluorescence_intensity_proxy_mask,C:\Users\876762330\Desktop\projects\osteo-vision\research\datasets\public-candidates\d046_fluorescence_osteomyelitis_videos\derived\video_signal_segmentation_20260706\masks_proxy\d046_video_signal_OFDVDNET_003_frame_001135_b533c3e278_fluorescence_signal_mask.png,fluorescence_hotspot,"This multi-mask manifest merges public/proxy video-signal masks and prompt-assisted review masks. It is for platform model training and error analysis only, not real intraoperative ICG jaw osteomyelitis clinical ground truth.",accepted,review_required,1.0,,d046_video_signal_OFDVDNET_003_frame_001135_b533c3e278,C:\Users\876762330\Desktop\projects\osteo-vision\research\datasets\public-candidates\d046_fluorescence_osteomyelitis_videos\derived\video_signal_segmentation_20260706\video_signal_segmentation_manifest.csv,video_signal_manifest,,C:\Users\876762330\Desktop\projects\osteo-vision\research\datasets\public-candidates\d046_fluorescence_osteomyelitis_videos\raw\fluorescence_proxy\ofdvdnet_dryad_v6wwpzh3w\extracted\OL-2021-07-20-121933-000010-record.mp4,train,75.666667,2048
vsm_d046_video_signal_OFDVDNET_005_frame_000000_68743a8f55_fluorescence_hotspot_b47f79a4ee3e,0,1536,C:\Users\876762330\Desktop\projects\osteo-vision\research\datasets\public-candidates\d046_fluorescence_osteomyelitis_videos\derived\video_signal_segmentation_20260706\keyframes\d046_video_signal_OFDVDNET_005_frame_000000_68743a8f55.jpg,OFDVDnet mock chicken-thigh FGS proxy; not jaw osteomyelitis or real intraoperative target-domain data.,fluorescence_intensity_proxy_mask,C:\Users\876762330\Desktop\projects\osteo-vision\research\datasets\public-candidates\d046_fluorescence_osteomyelitis_videos\derived\video_signal_segmentation_20260706\masks_proxy\d046_video_signal_OFDVDNET_005_frame_000000_68743a8f55_fluorescence_signal_mask.png,fluorescence_hotspot,"This multi-mask manifest merges public/proxy video-signal masks and prompt-assisted review masks. It is for platform model training and error analysis only, not real intraoperative ICG jaw osteomyelitis clinical ground truth.",accepted,review_required,1.0,,d046_video_signal_OFDVDNET_005_frame_000000_68743a8f55,C:\Users\876762330\Desktop\projects\osteo-vision\research\datasets\public-candidates\d046_fluorescence_osteomyelitis_videos\derived\video_signal_segmentation_20260706\video_signal_segmentation_manifest.csv,video_signal_manifest,,C:\Users\876762330\Desktop\projects\osteo-vision\research\datasets\public-candidates\d046_fluorescence_osteomyelitis_videos\raw\fluorescence_proxy\ofdvdnet_dryad_v6wwpzh3w\extracted\OL-2021-07-20-123850-000005-record.mp4,train,0.0,2048
vsm_d046_video_signal_OFDVDNET_005_frame_000128_4017aa3add_fluorescence_hotspot_8778c6168b86,128,1536,C:\Users\876762330\Desktop\projects\osteo-vision\research\datasets\public-candidates\d046_fluorescence_osteomyelitis_videos\derived\video_signal_segmentation_20260706\keyframes\d046_video_signal_OFDVDNET_005_frame_000128_4017aa3add.jpg,OFDVDnet mock chicken-thigh FGS proxy; not jaw osteomyelitis or real intraoperative target-domain data.,fluorescence_intensity_proxy_mask,C:\Users\876762330\Desktop\projects\osteo-vision\research\datasets\public-candidates\d046_fluorescence_osteomyelitis_videos\derived\video_signal_segmentation_20260706\masks_proxy\d046_video_signal_OFDVDNET_005_frame_000128_4017aa3add_fluorescence_signal_mask.png,fluorescence_hotspot,"This multi-mask manifest merges public/proxy video-signal masks and prompt-assisted review masks. It is for platform model training and error analysis only, not real intraoperative ICG jaw osteomyelitis clinical ground truth.",accepted,review_required,1.0,,d046_video_signal_OFDVDNET_005_frame_000128_4017aa3add,C:\Users\876762330\Desktop\projects\osteo-vision\research\datasets\public-candidates\d046_fluorescence_osteomyelitis_videos\derived\video_signal_segmentation_20260706\video_signal_segmentation_manifest.csv,video_signal_manifest,,C:\Users\876762330\Desktop\projects\osteo-vision\research\datasets\public-candidates\d046_fluorescence_osteomyelitis_videos\raw\fluorescence_proxy\ofdvdnet_dryad_v6wwpzh3w\extracted\OL-2021-07-20-123850-000005-record.mp4,val,8.533333,2048
vsm_d046_video_signal_OFDVDNET_005_frame_000256_75089a954d_fluorescence_hotspot_1e051528996d,256,1536,C:\Users\876762330\Desktop\projects\osteo-vision\research\datasets\public-candidates\d046_fluorescence_osteomyelitis_videos\derived\video_signal_segmentation_20260706\keyframes\d046_video_signal_OFDVDNET_005_frame_000256_75089a954d.jpg,OFDVDnet mock chicken-thigh FGS proxy; not jaw osteomyelitis or real intraoperative target-domain data.,fluorescence_intensity_proxy_mask,C:\Users\876762330\Desktop\projects\osteo-vision\research\datasets\public-candidates\d046_fluorescence_osteomyelitis_videos\derived\video_signal_segmentation_20260706\masks_proxy\d046_video_signal_OFDVDNET_005_frame_000256_75089a954d_fluorescence_signal_mask.png,fluorescence_hotspot,"This multi-mask manifest merges public/proxy video-signal masks and prompt-assisted review masks. It is for platform model training and error analysis only, not real intraoperative ICG jaw osteomyelitis clinical ground truth.",accepted,review_required,1.0,,d046_video_signal_OFDVDNET_005_frame_000256_75089a954d,C:\Users\876762330\Desktop\projects\osteo-vision\research\datasets\public-candidates\d046_fluorescence_osteomyelitis_videos\derived\video_signal_segmentation_20260706\video_signal_segmentation_manifest.csv,video_signal_manifest,,C:\Users\876762330\Desktop\projects\osteo-vision\research\datasets\public-candidates\d046_fluorescence_osteomyelitis_videos\raw\fluorescence_proxy\ofdvdnet_dryad_v6wwpzh3w\extracted\OL-2021-07-20-123850-000005-record.mp4,train,17.066667,2048
vsm_d046_video_signal_OFDVDNET_005_frame_000384_003021ff10_fluorescence_hotspot_8e6e9c6c94fe,384,1536,C:\Users\876762330\Desktop\projects\osteo-vision\research\datasets\public-candidates\d046_fluorescence_osteomyelitis_videos\derived\video_signal_segmentation_20260706\keyframes\d046_video_signal_OFDVDNET_005_frame_000384_003021ff10.jpg,OFDVDnet mock chicken-thigh FGS proxy; not jaw osteomyelitis or real intraoperative target-domain data.,fluorescence_intensity_proxy_mask,C:\Users\876762330\Desktop\projects\osteo-vision\research\datasets\public-candidates\d046_fluorescence_osteomyelitis_videos\derived\video_signal_segmentation_20260706\masks_proxy\d046_video_signal_OFDVDNET_005_frame_000384_003021ff10_fluorescence_signal_mask.png,fluorescence_hotspot,"This multi-mask manifest merges public/proxy video-signal masks and prompt-assisted review masks. It is for platform model training and error analysis only, not real intraoperative ICG jaw osteomyelitis clinical ground truth.",accepted,review_required,1.0,,d046_video_signal_OFDVDNET_005_frame_000384_003021ff10,C:\Users\876762330\Desktop\projects\osteo-vision\research\datasets\public-candidates\d046_fluorescence_osteomyelitis_videos\derived\video_signal_segmentation_20260706\video_signal_segmentation_manifest.csv,video_signal_manifest,,C:\Users\876762330\Desktop\projects\osteo-vision\research\datasets\public-candidates\d046_fluorescence_osteomyelitis_videos\raw\fluorescence_proxy\ofdvdnet_dryad_v6wwpzh3w\extracted\OL-2021-07-20-123850-000005-record.mp4,val,25.6,2048
vsm_d046_video_signal_OFDVDNET_005_frame_000512_d09c67dbfe_fluorescence_hotspot_21c64ad687e5,512,1536,C:\Users\876762330\Desktop\projects\osteo-vision\research\datasets\public-candidates\d046_fluorescence_osteomyelitis_videos\derived\video_signal_segmentation_20260706\keyframes\d046_video_signal_OFDVDNET_005_frame_000512_d09c67dbfe.jpg,OFDVDnet mock chicken-thigh FGS proxy; not jaw osteomyelitis or real intraoperative target-domain data.,fluorescence_intensity_proxy_mask,C:\Users\876762330\Desktop\projects\osteo-vision\research\datasets\public-candidates\d046_fluorescence_osteomyelitis_videos\derived\video_signal_segmentation_20260706\masks_proxy\d046_video_signal_OFDVDNET_005_frame_000512_d09c67dbfe_fluorescence_signal_mask.png,fluorescence_hotspot,"This multi-mask manifest merges public/proxy video-signal masks and prompt-assisted review masks. It is for platform model training and error analysis only, not real intraoperative ICG jaw osteomyelitis clinical ground truth.",accepted,review_required,1.0,,d046_video_signal_OFDVDNET_005_frame_000512_d09c67dbfe,C:\Users\876762330\Desktop\projects\osteo-vision\research\datasets\public-candidates\d046_fluorescence_osteomyelitis_videos\derived\video_signal_segmentation_20260706\video_signal_segmentation_manifest.csv,video_signal_manifest,,C:\Users\876762330\Desktop\projects\osteo-vision\research\datasets\public-candidates\d046_fluorescence_osteomyelitis_videos\raw\fluorescence_proxy\ofdvdnet_dryad_v6wwpzh3w\extracted\OL-2021-07-20-123850-000005-record.mp4,train,34.133333,2048
vsm_d046_video_signal_OFDVDNET_006_frame_000000_e97b461430_fluorescence_hotspot_ae4bb8635ae8,0,1536,C:\Users\876762330\Desktop\projects\osteo-vision\research\datasets\public-candidates\d046_fluorescence_osteomyelitis_videos\derived\video_signal_segmentation_20260706\keyframes\d046_video_signal_OFDVDNET_006_frame_000000_e97b461430.jpg,OFDVDnet mock chicken-thigh FGS proxy; not jaw osteomyelitis or real intraoperative target-domain data.,fluorescence_intensity_proxy_mask,C:\Users\876762330\Desktop\projects\osteo-vision\research\datasets\public-candidates\d046_fluorescence_osteomyelitis_videos\derived\video_signal_segmentation_20260706\masks_proxy\d046_video_signal_OFDVDNET_006_frame_000000_e97b461430_fluorescence_signal_mask.png,fluorescence_hotspot,"This multi-mask manifest merges public/proxy video-signal masks and prompt-assisted review masks. It is for platform model training and error analysis only, not real intraoperative ICG jaw osteomyelitis clinical ground truth.",accepted,review_required,1.0,,d046_video_signal_OFDVDNET_006_frame_000000_e97b461430,C:\Users\876762330\Desktop\projects\osteo-vision\research\datasets\public-candidates\d046_fluorescence_osteomyelitis_videos\derived\video_signal_segmentation_20260706\video_signal_segmentation_manifest.csv,video_signal_manifest,,C:\Users\876762330\Desktop\projects\osteo-vision\research\datasets\public-candidates\d046_fluorescence_osteomyelitis_videos\raw\fluorescence_proxy\ofdvdnet_dryad_v6wwpzh3w\extracted\OL-2021-07-20-123923-000006-record.mp4,train,0.0,2048
vsm_d046_video_signal_OFDVDNET_006_frame_000340_b578864ff2_fluorescence_hotspot_fa43cde2b045,340,1536,C:\Users\876762330\Desktop\projects\osteo-vision\research\datasets\public-candidates\d046_fluorescence_osteomyelitis_videos\derived\video_signal_segmentation_20260706\keyframes\d046_video_signal_OFDVDNET_006_frame_000340_b578864ff2.jpg,OFDVDnet mock chicken-thigh FGS proxy; not jaw osteomyelitis or real intraoperative target-domain data.,fluorescence_intensity_proxy_mask,C:\Users\876762330\Desktop\projects\osteo-vision\research\datasets\public-candidates\d046_fluorescence_osteomyelitis_videos\derived\video_signal_segmentation_20260706\masks_proxy\d046_video_signal_OFDVDNET_006_frame_000340_b578864ff2_fluorescence_signal_mask.png,fluorescence_hotspot,"This multi-mask manifest merges public/proxy video-signal masks and prompt-assisted review masks. It is for platform model training and error analysis only, not real intraoperative ICG jaw osteomyelitis clinical ground truth.",accepted,review_required,1.0,,d046_video_signal_OFDVDNET_006_frame_000340_b578864ff2,C:\Users\876762330\Desktop\projects\osteo-vision\research\datasets\public-candidates\d046_fluorescence_osteomyelitis_videos\derived\video_signal_segmentation_20260706\video_signal_segmentation_manifest.csv,video_signal_manifest,,C:\Users\876762330\Desktop\projects\osteo-vision\research\datasets\public-candidates\d046_fluorescence_osteomyelitis_videos\raw\fluorescence_proxy\ofdvdnet_dryad_v6wwpzh3w\extracted\OL-2021-07-20-123923-000006-record.mp4,train,22.666667,2048
vsm_d046_video_signal_OFDVDNET_006_frame_000680_77a68171c1_fluorescence_hotspot_feabe5536f26,680,1536,C:\Users\876762330\Desktop\projects\osteo-vision\research\datasets\public-candidates\d046_fluorescence_osteomyelitis_videos\derived\video_signal_segmentation_20260706\keyframes\d046_video_signal_OFDVDNET_006_frame_000680_77a68171c1.jpg,OFDVDnet mock chicken-thigh FGS proxy; not jaw osteomyelitis or real intraoperative target-domain data.,fluorescence_intensity_proxy_mask,C:\Users\876762330\Desktop\projects\osteo-vision\research\datasets\public-candidates\d046_fluorescence_osteomyelitis_videos\derived\video_signal_segmentation_20260706\masks_proxy\d046_video_signal_OFDVDNET_006_frame_000680_77a68171c1_fluorescence_signal_mask.png,fluorescence_hotspot,"This multi-mask manifest merges public/proxy video-signal masks and prompt-assisted review masks. It is for platform model training and error analysis only, not real intraoperative ICG jaw osteomyelitis clinical ground truth.",accepted,review_required,1.0,,d046_video_signal_OFDVDNET_006_frame_000680_77a68171c1,C:\Users\876762330\Desktop\projects\osteo-vision\research\datasets\public-candidates\d046_fluorescence_osteomyelitis_videos\derived\video_signal_segmentation_20260706\video_signal_segmentation_manifest.csv,video_signal_manifest,,C:\Users\876762330\Desktop\projects\osteo-vision\research\datasets\public-candidates\d046_fluorescence_osteomyelitis_videos\raw\fluorescence_proxy\ofdvdnet_dryad_v6wwpzh3w\extracted\OL-2021-07-20-123923-000006-record.mp4,val,45.333333,2048
vsm_d046_video_signal_OFDVDNET_006_frame_001020_97f7201674_fluorescence_hotspot_d2d3b45039cd,1020,1536,C:\Users\876762330\Desktop\projects\osteo-vision\research\datasets\public-candidates\d046_fluorescence_osteomyelitis_videos\derived\video_signal_segmentation_20260706\keyframes\d046_video_signal_OFDVDNET_006_frame_001020_97f7201674.jpg,OFDVDnet mock chicken-thigh FGS proxy; not jaw osteomyelitis or real intraoperative target-domain data.,fluorescence_intensity_proxy_mask,C:\Users\876762330\Desktop\projects\osteo-vision\research\datasets\public-candidates\d046_fluorescence_osteomyelitis_videos\derived\video_signal_segmentation_20260706\masks_proxy\d046_video_signal_OFDVDNET_006_frame_001020_97f7201674_fluorescence_signal_mask.png,fluorescence_hotspot,"This multi-mask manifest merges public/proxy video-signal masks and prompt-assisted review masks. It is for platform model training and error analysis only, not real intraoperative ICG jaw osteomyelitis clinical ground truth.",accepted,review_required,1.0,,d046_video_signal_OFDVDNET_006_frame_001020_97f7201674,C:\Users\876762330\Desktop\projects\osteo-vision\research\datasets\public-candidates\d046_fluorescence_osteomyelitis_videos\derived\video_signal_segmentation_20260706\video_signal_segmentation_manifest.csv,video_signal_manifest,,C:\Users\876762330\Desktop\projects\osteo-vision\research\datasets\public-candidates\d046_fluorescence_osteomyelitis_videos\raw\fluorescence_proxy\ofdvdnet_dryad_v6wwpzh3w\extracted\OL-2021-07-20-123923-000006-record.mp4,train,68.0,2048
vsm_d046_video_signal_OFDVDNET_006_frame_001360_70ad7bf33a_fluorescence_hotspot_28007dbb2e8d,1360,1536,C:\Users\876762330\Desktop\projects\osteo-vision\research\datasets\public-candidates\d046_fluorescence_osteomyelitis_videos\derived\video_signal_segmentation_20260706\keyframes\d046_video_signal_OFDVDNET_006_frame_001360_70ad7bf33a.jpg,OFDVDnet mock chicken-thigh FGS proxy; not jaw osteomyelitis or real intraoperative target-domain data.,fluorescence_intensity_proxy_mask,C:\Users\876762330\Desktop\projects\osteo-vision\research\datasets\public-candidates\d046_fluorescence_osteomyelitis_videos\derived\video_signal_segmentation_20260706\masks_proxy\d046_video_signal_OFDVDNET_006_frame_001360_70ad7bf33a_fluorescence_signal_mask.png,fluorescence_hotspot,"This multi-mask manifest merges public/proxy video-signal masks and prompt-assisted review masks. It is for platform model training and error analysis only, not real intraoperative ICG jaw osteomyelitis clinical ground truth.",accepted,review_required,1.0,,d046_video_signal_OFDVDNET_006_frame_001360_70ad7bf33a,C:\Users\876762330\Desktop\projects\osteo-vision\research\datasets\public-candidates\d046_fluorescence_osteomyelitis_videos\derived\video_signal_segmentation_20260706\video_signal_segmentation_manifest.csv,video_signal_manifest,,C:\Users\876762330\Desktop\projects\osteo-vision\research\datasets\public-candidates\d046_fluorescence_osteomyelitis_videos\raw\fluorescence_proxy\ofdvdnet_dryad_v6wwpzh3w\extracted\OL-2021-07-20-123923-000006-record.mp4,train,90.666667,2048
vsm_d046_video_signal_OFDVDNET_007_frame_000000_e28c1eeae0_fluorescence_hotspot_f2a5578a644e,0,1536,C:\Users\876762330\Desktop\projects\osteo-vision\research\datasets\public-candidates\d046_fluorescence_osteomyelitis_videos\derived\video_signal_segmentation_20260706\keyframes\d046_video_signal_OFDVDNET_007_frame_000000_e28c1eeae0.jpg,OFDVDnet mock chicken-thigh FGS proxy; not jaw osteomyelitis or real intraoperative target-domain data.,fluorescence_intensity_proxy_mask,C:\Users\876762330\Desktop\projects\osteo-vision\research\datasets\public-candidates\d046_fluorescence_osteomyelitis_videos\derived\video_signal_segmentation_20260706\masks_proxy\d046_video_signal_OFDVDNET_007_frame_000000_e28c1eeae0_fluorescence_signal_mask.png,fluorescence_hotspot,"This multi-mask manifest merges public/proxy video-signal masks and prompt-assisted review masks. It is for platform model training and error analysis only, not real intraoperative ICG jaw osteomyelitis clinical ground truth.",accepted,review_required,1.0,,d046_video_signal_OFDVDNET_007_frame_000000_e28c1eeae0,C:\Users\876762330\Desktop\projects\osteo-vision\research\datasets\public-candidates\d046_fluorescence_osteomyelitis_videos\derived\video_signal_segmentation_20260706\video_signal_segmentation_manifest.csv,video_signal_manifest,,C:\Users\876762330\Desktop\projects\osteo-vision\research\datasets\public-candidates\d046_fluorescence_osteomyelitis_videos\raw\fluorescence_proxy\ofdvdnet_dryad_v6wwpzh3w\extracted\OL-2021-07-20-124515-000009-record.mp4,train,0.0,2048
vsm_d046_video_signal_OFDVDNET_007_frame_000307_e10cc13e22_fluorescence_hotspot_80b6a138b790,307,1536,C:\Users\876762330\Desktop\projects\osteo-vision\research\datasets\public-candidates\d046_fluorescence_osteomyelitis_videos\derived\video_signal_segmentation_20260706\keyframes\d046_video_signal_OFDVDNET_007_frame_000307_e10cc13e22.jpg,OFDVDnet mock chicken-thigh FGS proxy; not jaw osteomyelitis or real intraoperative target-domain data.,fluorescence_intensity_proxy_mask,C:\Users\876762330\Desktop\projects\osteo-vision\research\datasets\public-candidates\d046_fluorescence_osteomyelitis_videos\derived\video_signal_segmentation_20260706\masks_proxy\d046_video_signal_OFDVDNET_007_frame_000307_e10cc13e22_fluorescence_signal_mask.png,fluorescence_hotspot,"This multi-mask manifest merges public/proxy video-signal masks and prompt-assisted review masks. It is for platform model training and error analysis only, not real intraoperative ICG jaw osteomyelitis clinical ground truth.",accepted,review_required,1.0,,d046_video_signal_OFDVDNET_007_frame_000307_e10cc13e22,C:\Users\876762330\Desktop\projects\osteo-vision\research\datasets\public-candidates\d046_fluorescence_osteomyelitis_videos\derived\video_signal_segmentation_20260706\video_signal_segmentation_manifest.csv,video_signal_manifest,,C:\Users\876762330\Desktop\projects\osteo-vision\research\datasets\public-candidates\d046_fluorescence_osteomyelitis_videos\raw\fluorescence_proxy\ofdvdnet_dryad_v6wwpzh3w\extracted\OL-2021-07-20-124515-000009-record.mp4,train,20.466667,2048
vsm_d046_video_signal_OFDVDNET_007_frame_000614_4027b566fa_fluorescence_hotspot_1bdcd8a50691,614,1536,C:\Users\876762330\Desktop\projects\osteo-vision\research\datasets\public-candidates\d046_fluorescence_osteomyelitis_videos\derived\video_signal_segmentation_20260706\keyframes\d046_video_signal_OFDVDNET_007_frame_000614_4027b566fa.jpg,OFDVDnet mock chicken-thigh FGS proxy; not jaw osteomyelitis or real intraoperative target-domain data.,fluorescence_intensity_proxy_mask,C:\Users\876762330\Desktop\projects\osteo-vision\research\datasets\public-candidates\d046_fluorescence_osteomyelitis_videos\derived\video_signal_segmentation_20260706\masks_proxy\d046_video_signal_OFDVDNET_007_frame_000614_4027b566fa_fluorescence_signal_mask.png,fluorescence_hotspot,"This multi-mask manifest merges public/proxy video-signal masks and prompt-assisted review masks. It is for platform model training and error analysis only, not real intraoperative ICG jaw osteomyelitis clinical ground truth.",accepted,review_required,1.0,,d046_video_signal_OFDVDNET_007_frame_000614_4027b566fa,C:\Users\876762330\Desktop\projects\osteo-vision\research\datasets\public-candidates\d046_fluorescence_osteomyelitis_videos\derived\video_signal_segmentation_20260706\video_signal_segmentation_manifest.csv,video_signal_manifest,,C:\Users\876762330\Desktop\projects\osteo-vision\research\datasets\public-candidates\d046_fluorescence_osteomyelitis_videos\raw\fluorescence_proxy\ofdvdnet_dryad_v6wwpzh3w\extracted\OL-2021-07-20-124515-000009-record.mp4,train,40.933333,2048
vsm_d046_video_signal_OFDVDNET_007_frame_000921_af9063fc1b_fluorescence_hotspot_59d56df33b56,921,1536,C:\Users\876762330\Desktop\projects\osteo-vision\research\datasets\public-candidates\d046_fluorescence_osteomyelitis_videos\derived\video_signal_segmentation_20260706\keyframes\d046_video_signal_OFDVDNET_007_frame_000921_af9063fc1b.jpg,OFDVDnet mock chicken-thigh FGS proxy; not jaw osteomyelitis or real intraoperative target-domain data.,fluorescence_intensity_proxy_mask,C:\Users\876762330\Desktop\projects\osteo-vision\research\datasets\public-candidates\d046_fluorescence_osteomyelitis_videos\derived\video_signal_segmentation_20260706\masks_proxy\d046_video_signal_OFDVDNET_007_frame_000921_af9063fc1b_fluorescence_signal_mask.png,fluorescence_hotspot,"This multi-mask manifest merges public/proxy video-signal masks and prompt-assisted review masks. It is for platform model training and error analysis only, not real intraoperative ICG jaw osteomyelitis clinical ground truth.",accepted,review_required,1.0,,d046_video_signal_OFDVDNET_007_frame_000921_af9063fc1b,C:\Users\876762330\Desktop\projects\osteo-vision\research\datasets\public-candidates\d046_fluorescence_osteomyelitis_videos\derived\video_signal_segmentation_20260706\video_signal_segmentation_manifest.csv,video_signal_manifest,,C:\Users\876762330\Desktop\projects\osteo-vision\research\datasets\public-candidates\d046_fluorescence_osteomyelitis_videos\raw\fluorescence_proxy\ofdvdnet_dryad_v6wwpzh3w\extracted\OL-2021-07-20-124515-000009-record.mp4,train,61.4,2048
vsm_d046_video_signal_OFDVDNET_007_frame_001228_a5da9543d7_fluorescence_hotspot_1f798fe8be85,1228,1536,C:\Users\876762330\Desktop\projects\osteo-vision\research\datasets\public-candidates\d046_fluorescence_osteomyelitis_videos\derived\video_signal_segmentation_20260706\keyframes\d046_video_signal_OFDVDNET_007_frame_001228_a5da9543d7.jpg,OFDVDnet mock chicken-thigh FGS proxy; not jaw osteomyelitis or real intraoperative target-domain data.,fluorescence_intensity_proxy_mask,C:\Users\876762330\Desktop\projects\osteo-vision\research\datasets\public-candidates\d046_fluorescence_osteomyelitis_videos\derived\video_signal_segmentation_20260706\masks_proxy\d046_video_signal_OFDVDNET_007_frame_001228_a5da9543d7_fluorescence_signal_mask.png,fluorescence_hotspot,"This multi-mask manifest merges public/proxy video-signal masks and prompt-assisted review masks. It is for platform model training and error analysis only, not real intraoperative ICG jaw osteomyelitis clinical ground truth.",accepted,review_required,1.0,,d046_video_signal_OFDVDNET_007_frame_001228_a5da9543d7,C:\Users\876762330\Desktop\projects\osteo-vision\research\datasets\public-candidates\d046_fluorescence_osteomyelitis_videos\derived\video_signal_segmentation_20260706\video_signal_segmentation_manifest.csv,video_signal_manifest,,C:\Users\876762330\Desktop\projects\osteo-vision\research\datasets\public-candidates\d046_fluorescence_osteomyelitis_videos\raw\fluorescence_proxy\ofdvdnet_dryad_v6wwpzh3w\extracted\OL-2021-07-20-124515-000009-record.mp4,train,81.866667,2048
vsm_d046_video_signal_OFDVDNET_008_frame_000000_b8757ae520_fluorescence_hotspot_97e721259502,0,1536,C:\Users\876762330\Desktop\projects\osteo-vision\research\datasets\public-candidates\d046_fluorescence_osteomyelitis_videos\derived\video_signal_segmentation_20260706\keyframes\d046_video_signal_OFDVDNET_008_frame_000000_b8757ae520.jpg,OFDVDnet mock chicken-thigh FGS proxy; not jaw osteomyelitis or real intraoperative target-domain data.,fluorescence_intensity_proxy_mask,C:\Users\876762330\Desktop\projects\osteo-vision\research\datasets\public-candidates\d046_fluorescence_osteomyelitis_videos\derived\video_signal_segmentation_20260706\masks_proxy\d046_video_signal_OFDVDNET_008_frame_000000_b8757ae520_fluorescence_signal_mask.png,fluorescence_hotspot,"This multi-mask manifest merges public/proxy video-signal masks and prompt-assisted review masks. It is for platform model training and error analysis only, not real intraoperative ICG jaw osteomyelitis clinical ground truth.",accepted,review_required,1.0,,d046_video_signal_OFDVDNET_008_frame_000000_b8757ae520,C:\Users\876762330\Desktop\projects\osteo-vision\research\datasets\public-candidates\d046_fluorescence_osteomyelitis_videos\derived\video_signal_segmentation_20260706\video_signal_segmentation_manifest.csv,video_signal_manifest,,C:\Users\876762330\Desktop\projects\osteo-vision\research\datasets\public-candidates\d046_fluorescence_osteomyelitis_videos\raw\fluorescence_proxy\ofdvdnet_dryad_v6wwpzh3w\extracted\OL-2021-07-20-124634-000012-record.mp4,train,0.0,2048
vsm_d046_video_signal_OFDVDNET_008_frame_000276_b4537af2e5_fluorescence_hotspot_71caadc40ab7,276,1536,C:\Users\876762330\Desktop\projects\osteo-vision\research\datasets\public-candidates\d046_fluorescence_osteomyelitis_videos\derived\video_signal_segmentation_20260706\keyframes\d046_video_signal_OFDVDNET_008_frame_000276_b4537af2e5.jpg,OFDVDnet mock chicken-thigh FGS proxy; not jaw osteomyelitis or real intraoperative target-domain data.,fluorescence_intensity_proxy_mask,C:\Users\876762330\Desktop\projects\osteo-vision\research\datasets\public-candidates\d046_fluorescence_osteomyelitis_videos\derived\video_signal_segmentation_20260706\masks_proxy\d046_video_signal_OFDVDNET_008_frame_000276_b4537af2e5_fluorescence_signal_mask.png,fluorescence_hotspot,"This multi-mask manifest merges public/proxy video-signal masks and prompt-assisted review masks. It is for platform model training and error analysis only, not real intraoperative ICG jaw osteomyelitis clinical ground truth.",accepted,review_required,1.0,,d046_video_signal_OFDVDNET_008_frame_000276_b4537af2e5,C:\Users\876762330\Desktop\projects\osteo-vision\research\datasets\public-candidates\d046_fluorescence_osteomyelitis_videos\derived\video_signal_segmentation_20260706\video_signal_segmentation_manifest.csv,video_signal_manifest,,C:\Users\876762330\Desktop\projects\osteo-vision\research\datasets\public-candidates\d046_fluorescence_osteomyelitis_videos\raw\fluorescence_proxy\ofdvdnet_dryad_v6wwpzh3w\extracted\OL-2021-07-20-124634-000012-record.mp4,val,18.4,2048
vsm_d046_video_signal_OFDVDNET_008_frame_000551_3d742be8b6_fluorescence_hotspot_6dc7eb53de54,551,1536,C:\Users\876762330\Desktop\projects\osteo-vision\research\datasets\public-candidates\d046_fluorescence_osteomyelitis_videos\derived\video_signal_segmentation_20260706\keyframes\d046_video_signal_OFDVDNET_008_frame_000551_3d742be8b6.jpg,OFDVDnet mock chicken-thigh FGS proxy; not jaw osteomyelitis or real intraoperative target-domain data.,fluorescence_intensity_proxy_mask,C:\Users\876762330\Desktop\projects\osteo-vision\research\datasets\public-candidates\d046_fluorescence_osteomyelitis_videos\derived\video_signal_segmentation_20260706\masks_proxy\d046_video_signal_OFDVDNET_008_frame_000551_3d742be8b6_fluorescence_signal_mask.png,fluorescence_hotspot,"This multi-mask manifest merges public/proxy video-signal masks and prompt-assisted review masks. It is for platform model training and error analysis only, not real intraoperative ICG jaw osteomyelitis clinical ground truth.",accepted,review_required,1.0,,d046_video_signal_OFDVDNET_008_frame_000551_3d742be8b6,C:\Users\876762330\Desktop\projects\osteo-vision\research\datasets\public-candidates\d046_fluorescence_osteomyelitis_videos\derived\video_signal_segmentation_20260706\video_signal_segmentation_manifest.csv,video_signal_manifest,,C:\Users\876762330\Desktop\projects\osteo-vision\research\datasets\public-candidates\d046_fluorescence_osteomyelitis_videos\raw\fluorescence_proxy\ofdvdnet_dryad_v6wwpzh3w\extracted\OL-2021-07-20-124634-000012-record.mp4,train,36.733333,2048
vsm_d046_video_signal_OFDVDNET_008_frame_000826_8615613b71_fluorescence_hotspot_6ff50f67f427,826,1536,C:\Users\876762330\Desktop\projects\osteo-vision\research\datasets\public-candidates\d046_fluorescence_osteomyelitis_videos\derived\video_signal_segmentation_20260706\keyframes\d046_video_signal_OFDVDNET_008_frame_000826_8615613b71.jpg,OFDVDnet mock chicken-thigh FGS proxy; not jaw osteomyelitis or real intraoperative target-domain data.,fluorescence_intensity_proxy_mask,C:\Users\876762330\Desktop\projects\osteo-vision\research\datasets\public-candidates\d046_fluorescence_osteomyelitis_videos\derived\video_signal_segmentation_20260706\masks_proxy\d046_video_signal_OFDVDNET_008_frame_000826_8615613b71_fluorescence_signal_mask.png,fluorescence_hotspot,"This multi-mask manifest merges public/proxy video-signal masks and prompt-assisted review masks. It is for platform model training and error analysis only, not real intraoperative ICG jaw osteomyelitis clinical ground truth.",accepted,review_required,1.0,,d046_video_signal_OFDVDNET_008_frame_000826_8615613b71,C:\Users\876762330\Desktop\projects\osteo-vision\research\datasets\public-candidates\d046_fluorescence_osteomyelitis_videos\derived\video_signal_segmentation_20260706\video_signal_segmentation_manifest.csv,video_signal_manifest,,C:\Users\876762330\Desktop\projects\osteo-vision\research\datasets\public-candidates\d046_fluorescence_osteomyelitis_videos\raw\fluorescence_proxy\ofdvdnet_dryad_v6wwpzh3w\extracted\OL-2021-07-20-124634-000012-record.mp4,val,55.066667,2048
vsm_d046_video_signal_OFDVDNET_008_frame_001102_6dbbe6d588_fluorescence_hotspot_48fdfcc8221c,1102,1536,C:\Users\876762330\Desktop\projects\osteo-vision\research\datasets\public-candidates\d046_fluorescence_osteomyelitis_videos\derived\video_signal_segmentation_20260706\keyframes\d046_video_signal_OFDVDNET_008_frame_001102_6dbbe6d588.jpg,OFDVDnet mock chicken-thigh FGS proxy; not jaw osteomyelitis or real intraoperative target-domain data.,fluorescence_intensity_proxy_mask,C:\Users\876762330\Desktop\projects\osteo-vision\research\datasets\public-candidates\d046_fluorescence_osteomyelitis_videos\derived\video_signal_segmentation_20260706\masks_proxy\d046_video_signal_OFDVDNET_008_frame_001102_6dbbe6d588_fluorescence_signal_mask.png,fluorescence_hotspot,"This multi-mask manifest merges public/proxy video-signal masks and prompt-assisted review masks. It is for platform model training and error analysis only, not real intraoperative ICG jaw osteomyelitis clinical ground truth.",accepted,review_required,1.0,,d046_video_signal_OFDVDNET_008_frame_001102_6dbbe6d588,C:\Users\876762330\Desktop\projects\osteo-vision\research\datasets\public-candidates\d046_fluorescence_osteomyelitis_videos\derived\video_signal_segmentation_20260706\video_signal_segmentation_manifest.csv,video_signal_manifest,,C:\Users\876762330\Desktop\projects\osteo-vision\research\datasets\public-candidates\d046_fluorescence_osteomyelitis_videos\raw\fluorescence_proxy\ofdvdnet_dryad_v6wwpzh3w\extracted\OL-2021-07-20-124634-000012-record.mp4,val,73.466667,2048
vsm_d046_video_signal_OFDVDNET_009_frame_000000_0dbbf7bb14_fluorescence_hotspot_2ec114242ba0,0,1536,C:\Users\876762330\Desktop\projects\osteo-vision\research\datasets\public-candidates\d046_fluorescence_osteomyelitis_videos\derived\video_signal_segmentation_20260706\keyframes\d046_video_signal_OFDVDNET_009_frame_000000_0dbbf7bb14.jpg,OFDVDnet mock chicken-thigh FGS proxy; not jaw osteomyelitis or real intraoperative target-domain data.,fluorescence_intensity_proxy_mask,C:\Users\876762330\Desktop\projects\osteo-vision\research\datasets\public-candidates\d046_fluorescence_osteomyelitis_videos\derived\video_signal_segmentation_20260706\masks_proxy\d046_video_signal_OFDVDNET_009_frame_000000_0dbbf7bb14_fluorescence_signal_mask.png,fluorescence_hotspot,"This multi-mask manifest merges public/proxy video-signal masks and prompt-assisted review masks. It is for platform model training and error analysis only, not real intraoperative ICG jaw osteomyelitis clinical ground truth.",accepted,review_required,1.0,,d046_video_signal_OFDVDNET_009_frame_000000_0dbbf7bb14,C:\Users\876762330\Desktop\projects\osteo-vision\research\datasets\public-candidates\d046_fluorescence_osteomyelitis_videos\derived\video_signal_segmentation_20260706\video_signal_segmentation_manifest.csv,video_signal_manifest,,C:\Users\876762330\Desktop\projects\osteo-vision\research\datasets\public-candidates\d046_fluorescence_osteomyelitis_videos\raw\fluorescence_proxy\ofdvdnet_dryad_v6wwpzh3w\extracted\OL-2021-07-20-124746-000015-record.mp4,train,0.0,2048
vsm_d046_video_signal_OFDVDNET_009_frame_000290_4892b8cf34_fluorescence_hotspot_0a920d1ed820,290,1536,C:\Users\876762330\Desktop\projects\osteo-vision\research\datasets\public-candidates\d046_fluorescence_osteomyelitis_videos\derived\video_signal_segmentation_20260706\keyframes\d046_video_signal_OFDVDNET_009_frame_000290_4892b8cf34.jpg,OFDVDnet mock chicken-thigh FGS proxy; not jaw osteomyelitis or real intraoperative target-domain data.,fluorescence_intensity_proxy_mask,C:\Users\876762330\Desktop\projects\osteo-vision\research\datasets\public-candidates\d046_fluorescence_osteomyelitis_videos\derived\video_signal_segmentation_20260706\masks_proxy\d046_video_signal_OFDVDNET_009_frame_000290_4892b8cf34_fluorescence_signal_mask.png,fluorescence_hotspot,"This multi-mask manifest merges public/proxy video-signal masks and prompt-assisted review masks. It is for platform model training and error analysis only, not real intraoperative ICG jaw osteomyelitis clinical ground truth.",accepted,review_required,1.0,,d046_video_signal_OFDVDNET_009_frame_000290_4892b8cf34,C:\Users\876762330\Desktop\projects\osteo-vision\research\datasets\public-candidates\d046_fluorescence_osteomyelitis_videos\derived\video_signal_segmentation_20260706\video_signal_segmentation_manifest.csv,video_signal_manifest,,C:\Users\876762330\Desktop\projects\osteo-vision\research\datasets\public-candidates\d046_fluorescence_osteomyelitis_videos\raw\fluorescence_proxy\ofdvdnet_dryad_v6wwpzh3w\extracted\OL-2021-07-20-124746-000015-record.mp4,train,19.333333,2048
vsm_d046_video_signal_OFDVDNET_009_frame_000581_fd5529f4a9_fluorescence_hotspot_5b58aa2ff396,581,1536,C:\Users\876762330\Desktop\projects\osteo-vision\research\datasets\public-candidates\d046_fluorescence_osteomyelitis_videos\derived\video_signal_segmentation_20260706\keyframes\d046_video_signal_OFDVDNET_009_frame_000581_fd5529f4a9.jpg,OFDVDnet mock chicken-thigh FGS proxy; not jaw osteomyelitis or real intraoperative target-domain data.,fluorescence_intensity_proxy_mask,C:\Users\876762330\Desktop\projects\osteo-vision\research\datasets\public-candidates\d046_fluorescence_osteomyelitis_videos\derived\video_signal_segmentation_20260706\masks_proxy\d046_video_signal_OFDVDNET_009_frame_000581_fd5529f4a9_fluorescence_signal_mask.png,fluorescence_hotspot,"This multi-mask manifest merges public/proxy video-signal masks and prompt-assisted review masks. It is for platform model training and error analysis only, not real intraoperative ICG jaw osteomyelitis clinical ground truth.",accepted,review_required,1.0,,d046_video_signal_OFDVDNET_009_frame_000581_fd5529f4a9,C:\Users\876762330\Desktop\projects\osteo-vision\research\datasets\public-candidates\d046_fluorescence_osteomyelitis_videos\derived\video_signal_segmentation_20260706\video_signal_segmentation_manifest.csv,video_signal_manifest,,C:\Users\876762330\Desktop\projects\osteo-vision\research\datasets\public-candidates\d046_fluorescence_osteomyelitis_videos\raw\fluorescence_proxy\ofdvdnet_dryad_v6wwpzh3w\extracted\OL-2021-07-20-124746-000015-record.mp4,train,38.733333,2048
vsm_d046_video_signal_OFDVDNET_009_frame_000872_248329f4f9_fluorescence_hotspot_25ff1c289615,872,1536,C:\Users\876762330\Desktop\projects\osteo-vision\research\datasets\public-candidates\d046_fluorescence_osteomyelitis_videos\derived\video_signal_segmentation_20260706\keyframes\d046_video_signal_OFDVDNET_009_frame_000872_248329f4f9.jpg,OFDVDnet mock chicken-thigh FGS proxy; not jaw osteomyelitis or real intraoperative target-domain data.,fluorescence_intensity_proxy_mask,C:\Users\876762330\Desktop\projects\osteo-vision\research\datasets\public-candidates\d046_fluorescence_osteomyelitis_videos\derived\video_signal_segmentation_20260706\masks_proxy\d046_video_signal_OFDVDNET_009_frame_000872_248329f4f9_fluorescence_signal_mask.png,fluorescence_hotspot,"This multi-mask manifest merges public/proxy video-signal masks and prompt-assisted review masks. It is for platform model training and error analysis only, not real intraoperative ICG jaw osteomyelitis clinical ground truth.",accepted,review_required,1.0,,d046_video_signal_OFDVDNET_009_frame_000872_248329f4f9,C:\Users\876762330\Desktop\projects\osteo-vision\research\datasets\public-candidates\d046_fluorescence_osteomyelitis_videos\derived\video_signal_segmentation_20260706\video_signal_segmentation_manifest.csv,video_signal_manifest,,C:\Users\876762330\Desktop\projects\osteo-vision\research\datasets\public-candidates\d046_fluorescence_osteomyelitis_videos\raw\fluorescence_proxy\ofdvdnet_dryad_v6wwpzh3w\extracted\OL-2021-07-20-124746-000015-record.mp4,train,58.133333,2048
vsm_d046_video_signal_OFDVDNET_009_frame_001162_f276fa2c23_fluorescence_hotspot_a613156a798d,1162,1536,C:\Users\876762330\Desktop\projects\osteo-vision\research\datasets\public-candidates\d046_fluorescence_osteomyelitis_videos\derived\video_signal_segmentation_20260706\keyframes\d046_video_signal_OFDVDNET_009_frame_001162_f276fa2c23.jpg,OFDVDnet mock chicken-thigh FGS proxy; not jaw osteomyelitis or real intraoperative target-domain data.,fluorescence_intensity_proxy_mask,C:\Users\876762330\Desktop\projects\osteo-vision\research\datasets\public-candidates\d046_fluorescence_osteomyelitis_videos\derived\video_signal_segmentation_20260706\masks_proxy\d046_video_signal_OFDVDNET_009_frame_001162_f276fa2c23_fluorescence_signal_mask.png,fluorescence_hotspot,"This multi-mask manifest merges public/proxy video-signal masks and prompt-assisted review masks. It is for platform model training and error analysis only, not real intraoperative ICG jaw osteomyelitis clinical ground truth.",accepted,review_required,1.0,,d046_video_signal_OFDVDNET_009_frame_001162_f276fa2c23,C:\Users\876762330\Desktop\projects\osteo-vision\research\datasets\public-candidates\d046_fluorescence_osteomyelitis_videos\derived\video_signal_segmentation_20260706\video_signal_segmentation_manifest.csv,video_signal_manifest,,C:\Users\876762330\Desktop\projects\osteo-vision\research\datasets\public-candidates\d046_fluorescence_osteomyelitis_videos\raw\fluorescence_proxy\ofdvdnet_dryad_v6wwpzh3w\extracted\OL-2021-07-20-124746-000015-record.mp4,train,77.466667,2048
vsm_d046_video_signal_OFDVDNET_010_frame_000000_07e4b68d01_fluorescence_hotspot_8f2488672b3d,0,1536,C:\Users\876762330\Desktop\projects\osteo-vision\research\datasets\public-candidates\d046_fluorescence_osteomyelitis_videos\derived\video_signal_segmentation_20260706\keyframes\d046_video_signal_OFDVDNET_010_frame_000000_07e4b68d01.jpg,OFDVDnet mock chicken-thigh FGS proxy; not jaw osteomyelitis or real intraoperative target-domain data.,fluorescence_intensity_proxy_mask,C:\Users\876762330\Desktop\projects\osteo-vision\research\datasets\public-candidates\d046_fluorescence_osteomyelitis_videos\derived\video_signal_segmentation_20260706\masks_proxy\d046_video_signal_OFDVDNET_010_frame_000000_07e4b68d01_fluorescence_signal_mask.png,fluorescence_hotspot,"This multi-mask manifest merges public/proxy video-signal masks and prompt-assisted review masks. It is for platform model training and error analysis only, not real intraoperative ICG jaw osteomyelitis clinical ground truth.",accepted,review_required,1.0,,d046_video_signal_OFDVDNET_010_frame_000000_07e4b68d01,C:\Users\876762330\Desktop\projects\osteo-vision\research\datasets\public-candidates\d046_fluorescence_osteomyelitis_videos\derived\video_signal_segmentation_20260706\video_signal_segmentation_manifest.csv,video_signal_manifest,,C:\Users\876762330\Desktop\projects\osteo-vision\research\datasets\public-candidates\d046_fluorescence_osteomyelitis_videos\raw\fluorescence_proxy\ofdvdnet_dryad_v6wwpzh3w\extracted\OL-2021-07-20-124901-000018-record.mp4,train,0.0,2048
vsm_d046_video_signal_OFDVDNET_010_frame_000160_689699cb41_fluorescence_hotspot_0ffc3da6b040,160,1536,C:\Users\876762330\Desktop\projects\osteo-vision\research\datasets\public-candidates\d046_fluorescence_osteomyelitis_videos\derived\video_signal_segmentation_20260706\keyframes\d046_video_signal_OFDVDNET_010_frame_000160_689699cb41.jpg,OFDVDnet mock chicken-thigh FGS proxy; not jaw osteomyelitis or real intraoperative target-domain data.,fluorescence_intensity_proxy_mask,C:\Users\876762330\Desktop\projects\osteo-vision\research\datasets\public-candidates\d046_fluorescence_osteomyelitis_videos\derived\video_signal_segmentation_20260706\masks_proxy\d046_video_signal_OFDVDNET_010_frame_000160_689699cb41_fluorescence_signal_mask.png,fluorescence_hotspot,"This multi-mask manifest merges public/proxy video-signal masks and prompt-assisted review masks. It is for platform model training and error analysis only, not real intraoperative ICG jaw osteomyelitis clinical ground truth.",accepted,review_required,1.0,,d046_video_signal_OFDVDNET_010_frame_000160_689699cb41,C:\Users\876762330\Desktop\projects\osteo-vision\research\datasets\public-candidates\d046_fluorescence_osteomyelitis_videos\derived\video_signal_segmentation_20260706\video_signal_segmentation_manifest.csv,video_signal_manifest,,C:\Users\876762330\Desktop\projects\osteo-vision\research\datasets\public-candidates\d046_fluorescence_osteomyelitis_videos\raw\fluorescence_proxy\ofdvdnet_dryad_v6wwpzh3w\extracted\OL-2021-07-20-124901-000018-record.mp4,train,10.666667,2048
vsm_d046_video_signal_OFDVDNET_010_frame_000320_8e680d00ba_fluorescence_hotspot_9f604fc9bd04,320,1536,C:\Users\876762330\Desktop\projects\osteo-vision\research\datasets\public-candidates\d046_fluorescence_osteomyelitis_videos\derived\video_signal_segmentation_20260706\keyframes\d046_video_signal_OFDVDNET_010_frame_000320_8e680d00ba.jpg,OFDVDnet mock chicken-thigh FGS proxy; not jaw osteomyelitis or real intraoperative target-domain data.,fluorescence_intensity_proxy_mask,C:\Users\876762330\Desktop\projects\osteo-vision\research\datasets\public-candidates\d046_fluorescence_osteomyelitis_videos\derived\video_signal_segmentation_20260706\masks_proxy\d046_video_signal_OFDVDNET_010_frame_000320_8e680d00ba_fluorescence_signal_mask.png,fluorescence_hotspot,"This multi-mask manifest merges public/proxy video-signal masks and prompt-assisted review masks. It is for platform model training and error analysis only, not real intraoperative ICG jaw osteomyelitis clinical ground truth.",accepted,review_required,1.0,,d046_video_signal_OFDVDNET_010_frame_000320_8e680d00ba,C:\Users\876762330\Desktop\projects\osteo-vision\research\datasets\public-candidates\d046_fluorescence_osteomyelitis_videos\derived\video_signal_segmentation_20260706\video_signal_segmentation_manifest.csv,video_signal_manifest,,C:\Users\876762330\Desktop\projects\osteo-vision\research\datasets\public-candidates\d046_fluorescence_osteomyelitis_videos\raw\fluorescence_proxy\ofdvdnet_dryad_v6wwpzh3w\extracted\OL-2021-07-20-124901-000018-record.mp4,train,21.333333,2048
vsm_d046_video_signal_OFDVDNET_010_frame_000481_1b13449388_fluorescence_hotspot_fa4f4865587d,481,1536,C:\Users\876762330\Desktop\projects\osteo-vision\research\datasets\public-candidates\d046_fluorescence_osteomyelitis_videos\derived\video_signal_segmentation_20260706\keyframes\d046_video_signal_OFDVDNET_010_frame_000481_1b13449388.jpg,OFDVDnet mock chicken-thigh FGS proxy; not jaw osteomyelitis or real intraoperative target-domain data.,fluorescence_intensity_proxy_mask,C:\Users\876762330\Desktop\projects\osteo-vision\research\datasets\public-candidates\d046_fluorescence_osteomyelitis_videos\derived\video_signal_segmentation_20260706\masks_proxy\d046_video_signal_OFDVDNET_010_frame_000481_1b13449388_fluorescence_signal_mask.png,fluorescence_hotspot,"This multi-mask manifest merges public/proxy video-signal masks and prompt-assisted review masks. It is for platform model training and error analysis only, not real intraoperative ICG jaw osteomyelitis clinical ground truth.",accepted,review_required,1.0,,d046_video_signal_OFDVDNET_010_frame_000481_1b13449388,C:\Users\876762330\Desktop\projects\osteo-vision\research\datasets\public-candidates\d046_fluorescence_osteomyelitis_videos\derived\video_signal_segmentation_20260706\video_signal_segmentation_manifest.csv,video_signal_manifest,,C:\Users\876762330\Desktop\projects\osteo-vision\research\datasets\public-candidates\d046_fluorescence_osteomyelitis_videos\raw\fluorescence_proxy\ofdvdnet_dryad_v6wwpzh3w\extracted\OL-2021-07-20-124901-000018-record.mp4,val,32.066667,2048
vsm_d046_video_signal_OFDVDNET_010_frame_000641_008b3c701b_fluorescence_hotspot_2b86c846f9c0,641,1536,C:\Users\876762330\Desktop\projects\osteo-vision\research\datasets\public-candidates\d046_fluorescence_osteomyelitis_videos\derived\video_signal_segmentation_20260706\keyframes\d046_video_signal_OFDVDNET_010_frame_000641_008b3c701b.jpg,OFDVDnet mock chicken-thigh FGS proxy; not jaw osteomyelitis or real intraoperative target-domain data.,fluorescence_intensity_proxy_mask,C:\Users\876762330\Desktop\projects\osteo-vision\research\datasets\public-candidates\d046_fluorescence_osteomyelitis_videos\derived\video_signal_segmentation_20260706\masks_proxy\d046_video_signal_OFDVDNET_010_frame_000641_008b3c701b_fluorescence_signal_mask.png,fluorescence_hotspot,"This multi-mask manifest merges public/proxy video-signal masks and prompt-assisted review masks. It is for platform model training and error analysis only, not real intraoperative ICG jaw osteomyelitis clinical ground truth.",accepted,review_required,1.0,,d046_video_signal_OFDVDNET_010_frame_000641_008b3c701b,C:\Users\876762330\Desktop\projects\osteo-vision\research\datasets\public-candidates\d046_fluorescence_osteomyelitis_videos\derived\video_signal_segmentation_20260706\video_signal_segmentation_manifest.csv,video_signal_manifest,,C:\Users\876762330\Desktop\projects\osteo-vision\research\datasets\public-candidates\d046_fluorescence_osteomyelitis_videos\raw\fluorescence_proxy\ofdvdnet_dryad_v6wwpzh3w\extracted\OL-2021-07-20-124901-000018-record.mp4,train,42.733333,2048
vsm_d046_video_signal_OFDVDNET_011_frame_000000_02ce170b5a_fluorescence_hotspot_111d73e405a8,0,1536,C:\Users\876762330\Desktop\projects\osteo-vision\research\datasets\public-candidates\d046_fluorescence_osteomyelitis_videos\derived\video_signal_segmentation_20260706\keyframes\d046_video_signal_OFDVDNET_011_frame_000000_02ce170b5a.jpg,OFDVDnet mock chicken-thigh FGS proxy; not jaw osteomyelitis or real intraoperative target-domain data.,fluorescence_intensity_proxy_mask,C:\Users\876762330\Desktop\projects\osteo-vision\research\datasets\public-candidates\d046_fluorescence_osteomyelitis_videos\derived\video_signal_segmentation_20260706\masks_proxy\d046_video_signal_OFDVDNET_011_frame_000000_02ce170b5a_fluorescence_signal_mask.png,fluorescence_hotspot,"This multi-mask manifest merges public/proxy video-signal masks and prompt-assisted review masks. It is for platform model training and error analysis only, not real intraoperative ICG jaw osteomyelitis clinical ground truth.",accepted,review_required,1.0,,d046_video_signal_OFDVDNET_011_frame_000000_02ce170b5a,C:\Users\876762330\Desktop\projects\osteo-vision\research\datasets\public-candidates\d046_fluorescence_osteomyelitis_videos\derived\video_signal_segmentation_20260706\video_signal_segmentation_manifest.csv,video_signal_manifest,,C:\Users\876762330\Desktop\projects\osteo-vision\research\datasets\public-candidates\d046_fluorescence_osteomyelitis_videos\raw\fluorescence_proxy\ofdvdnet_dryad_v6wwpzh3w\extracted\OL-2021-07-20-125008-000021-record.mp4,val,0.0,2048
vsm_d046_video_signal_OFDVDNET_011_frame_000307_9c61562fa2_fluorescence_hotspot_683289b62853,307,1536,C:\Users\876762330\Desktop\projects\osteo-vision\research\datasets\public-candidates\d046_fluorescence_osteomyelitis_videos\derived\video_signal_segmentation_20260706\keyframes\d046_video_signal_OFDVDNET_011_frame_000307_9c61562fa2.jpg,OFDVDnet mock chicken-thigh FGS proxy; not jaw osteomyelitis or real intraoperative target-domain data.,fluorescence_intensity_proxy_mask,C:\Users\876762330\Desktop\projects\osteo-vision\research\datasets\public-candidates\d046_fluorescence_osteomyelitis_videos\derived\video_signal_segmentation_20260706\masks_proxy\d046_video_signal_OFDVDNET_011_frame_000307_9c61562fa2_fluorescence_signal_mask.png,fluorescence_hotspot,"This multi-mask manifest merges public/proxy video-signal masks and prompt-assisted review masks. It is for platform model training and error analysis only, not real intraoperative ICG jaw osteomyelitis clinical ground truth.",accepted,review_required,1.0,,d046_video_signal_OFDVDNET_011_frame_000307_9c61562fa2,C:\Users\876762330\Desktop\projects\osteo-vision\research\datasets\public-candidates\d046_fluorescence_osteomyelitis_videos\derived\video_signal_segmentation_20260706\video_signal_segmentation_manifest.csv,video_signal_manifest,,C:\Users\876762330\Desktop\projects\osteo-vision\research\datasets\public-candidates\d046_fluorescence_osteomyelitis_videos\raw\fluorescence_proxy\ofdvdnet_dryad_v6wwpzh3w\extracted\OL-2021-07-20-125008-000021-record.mp4,train,20.466667,2048
vsm_d046_video_signal_OFDVDNET_011_frame_000614_030f6599fc_fluorescence_hotspot_c688d37f382c,614,1536,C:\Users\876762330\Desktop\projects\osteo-vision\research\datasets\public-candidates\d046_fluorescence_osteomyelitis_videos\derived\video_signal_segmentation_20260706\keyframes\d046_video_signal_OFDVDNET_011_frame_000614_030f6599fc.jpg,OFDVDnet mock chicken-thigh FGS proxy; not jaw osteomyelitis or real intraoperative target-domain data.,fluorescence_intensity_proxy_mask,C:\Users\876762330\Desktop\projects\osteo-vision\research\datasets\public-candidates\d046_fluorescence_osteomyelitis_videos\derived\video_signal_segmentation_20260706\masks_proxy\d046_video_signal_OFDVDNET_011_frame_000614_030f6599fc_fluorescence_signal_mask.png,fluorescence_hotspot,"This multi-mask manifest merges public/proxy video-signal masks and prompt-assisted review masks. It is for platform model training and error analysis only, not real intraoperative ICG jaw osteomyelitis clinical ground truth.",accepted,review_required,1.0,,d046_video_signal_OFDVDNET_011_frame_000614_030f6599fc,C:\Users\876762330\Desktop\projects\osteo-vision\research\datasets\public-candidates\d046_fluorescence_osteomyelitis_videos\derived\video_signal_segmentation_20260706\video_signal_segmentation_manifest.csv,video_signal_manifest,,C:\Users\876762330\Desktop\projects\osteo-vision\research\datasets\public-candidates\d046_fluorescence_osteomyelitis_videos\raw\fluorescence_proxy\ofdvdnet_dryad_v6wwpzh3w\extracted\OL-2021-07-20-125008-000021-record.mp4,train,40.933333,2048
vsm_d046_video_signal_OFDVDNET_011_frame_000922_68741b452f_fluorescence_hotspot_3a8a659c2715,922,1536,C:\Users\876762330\Desktop\projects\osteo-vision\research\datasets\public-candidates\d046_fluorescence_osteomyelitis_videos\derived\video_signal_segmentation_20260706\keyframes\d046_video_signal_OFDVDNET_011_frame_000922_68741b452f.jpg,OFDVDnet mock chicken-thigh FGS proxy; not jaw osteomyelitis or real intraoperative target-domain data.,fluorescence_intensity_proxy_mask,C:\Users\876762330\Desktop\projects\osteo-vision\research\datasets\public-candidates\d046_fluorescence_osteomyelitis_videos\derived\video_signal_segmentation_20260706\masks_proxy\d046_video_signal_OFDVDNET_011_frame_000922_68741b452f_fluorescence_signal_mask.png,fluorescence_hotspot,"This multi-mask manifest merges public/proxy video-signal masks and prompt-assisted review masks. It is for platform model training and error analysis only, not real intraoperative ICG jaw osteomyelitis clinical ground truth.",accepted,review_required,1.0,,d046_video_signal_OFDVDNET_011_frame_000922_68741b452f,C:\Users\876762330\Desktop\projects\osteo-vision\research\datasets\public-candidates\d046_fluorescence_osteomyelitis_videos\derived\video_signal_segmentation_20260706\video_signal_segmentation_manifest.csv,video_signal_manifest,,C:\Users\876762330\Desktop\projects\osteo-vision\research\datasets\public-candidates\d046_fluorescence_osteomyelitis_videos\raw\fluorescence_proxy\ofdvdnet_dryad_v6wwpzh3w\extracted\OL-2021-07-20-125008-000021-record.mp4,train,61.466667,2048
vsm_d046_video_signal_OFDVDNET_011_frame_001229_c1577785e8_fluorescence_hotspot_74390d1455f1,1229,1536,C:\Users\876762330\Desktop\projects\osteo-vision\research\datasets\public-candidates\d046_fluorescence_osteomyelitis_videos\derived\video_signal_segmentation_20260706\keyframes\d046_video_signal_OFDVDNET_011_frame_001229_c1577785e8.jpg,OFDVDnet mock chicken-thigh FGS proxy; not jaw osteomyelitis or real intraoperative target-domain data.,fluorescence_intensity_proxy_mask,C:\Users\876762330\Desktop\projects\osteo-vision\research\datasets\public-candidates\d046_fluorescence_osteomyelitis_videos\derived\video_signal_segmentation_20260706\masks_proxy\d046_video_signal_OFDVDNET_011_frame_001229_c1577785e8_fluorescence_signal_mask.png,fluorescence_hotspot,"This multi-mask manifest merges public/proxy video-signal masks and prompt-assisted review masks. It is for platform model training and error analysis only, not real intraoperative ICG jaw osteomyelitis clinical ground truth.",accepted,review_required,1.0,,d046_video_signal_OFDVDNET_011_frame_001229_c1577785e8,C:\Users\876762330\Desktop\projects\osteo-vision\research\datasets\public-candidates\d046_fluorescence_osteomyelitis_videos\derived\video_signal_segmentation_20260706\video_signal_segmentation_manifest.csv,video_signal_manifest,,C:\Users\876762330\Desktop\projects\osteo-vision\research\datasets\public-candidates\d046_fluorescence_osteomyelitis_videos\raw\fluorescence_proxy\ofdvdnet_dryad_v6wwpzh3w\extracted\OL-2021-07-20-125008-000021-record.mp4,val,81.933333,2048
vsm_d046_video_signal_OFDVDNET_012_frame_000000_6cb6116bf3_fluorescence_hotspot_7cc90e003857,0,1536,C:\Users\876762330\Desktop\projects\osteo-vision\research\datasets\public-candidates\d046_fluorescence_osteomyelitis_videos\derived\video_signal_segmentation_20260706\keyframes\d046_video_signal_OFDVDNET_012_frame_000000_6cb6116bf3.jpg,OFDVDnet mock chicken-thigh FGS proxy; not jaw osteomyelitis or real intraoperative target-domain data.,fluorescence_intensity_proxy_mask,C:\Users\876762330\Desktop\projects\osteo-vision\research\datasets\public-candidates\d046_fluorescence_osteomyelitis_videos\derived\video_signal_segmentation_20260706\masks_proxy\d046_video_signal_OFDVDNET_012_frame_000000_6cb6116bf3_fluorescence_signal_mask.png,fluorescence_hotspot,"This multi-mask manifest merges public/proxy video-signal masks and prompt-assisted review masks. It is for platform model training and error analysis only, not real intraoperative ICG jaw osteomyelitis clinical ground truth.",accepted,review_required,1.0,,d046_video_signal_OFDVDNET_012_frame_000000_6cb6116bf3,C:\Users\876762330\Desktop\projects\osteo-vision\research\datasets\public-candidates\d046_fluorescence_osteomyelitis_videos\derived\video_signal_segmentation_20260706\video_signal_segmentation_manifest.csv,video_signal_manifest,,C:\Users\876762330\Desktop\projects\osteo-vision\research\datasets\public-candidates\d046_fluorescence_osteomyelitis_videos\raw\fluorescence_proxy\ofdvdnet_dryad_v6wwpzh3w\extracted\OL-2021-07-20-125129-000024-record.mp4,val,0.0,2048
vsm_d046_video_signal_OFDVDNET_012_frame_000340_b1134b861d_fluorescence_hotspot_2c54831e5aba,340,1536,C:\Users\876762330\Desktop\projects\osteo-vision\research\datasets\public-candidates\d046_fluorescence_osteomyelitis_videos\derived\video_signal_segmentation_20260706\keyframes\d046_video_signal_OFDVDNET_012_frame_000340_b1134b861d.jpg,OFDVDnet mock chicken-thigh FGS proxy; not jaw osteomyelitis or real intraoperative target-domain data.,fluorescence_intensity_proxy_mask,C:\Users\876762330\Desktop\projects\osteo-vision\research\datasets\public-candidates\d046_fluorescence_osteomyelitis_videos\derived\video_signal_segmentation_20260706\masks_proxy\d046_video_signal_OFDVDNET_012_frame_000340_b1134b861d_fluorescence_signal_mask.png,fluorescence_hotspot,"This multi-mask manifest merges public/proxy video-signal masks and prompt-assisted review masks. It is for platform model training and error analysis only, not real intraoperative ICG jaw osteomyelitis clinical ground truth.",accepted,review_required,1.0,,d046_video_signal_OFDVDNET_012_frame_000340_b1134b861d,C:\Users\876762330\Desktop\projects\osteo-vision\research\datasets\public-candidates\d046_fluorescence_osteomyelitis_videos\derived\video_signal_segmentation_20260706\video_signal_segmentation_manifest.csv,video_signal_manifest,,C:\Users\876762330\Desktop\projects\osteo-vision\research\datasets\public-candidates\d046_fluorescence_osteomyelitis_videos\raw\fluorescence_proxy\ofdvdnet_dryad_v6wwpzh3w\extracted\OL-2021-07-20-125129-000024-record.mp4,train,22.666667,2048
vsm_d046_video_signal_OFDVDNET_012_frame_000680_dea1192839_fluorescence_hotspot_350a80fe9044,680,1536,C:\Users\876762330\Desktop\projects\osteo-vision\research\datasets\public-candidates\d046_fluorescence_osteomyelitis_videos\derived\video_signal_segmentation_20260706\keyframes\d046_video_signal_OFDVDNET_012_frame_000680_dea1192839.jpg,OFDVDnet mock chicken-thigh FGS proxy; not jaw osteomyelitis or real intraoperative target-domain data.,fluorescence_intensity_proxy_mask,C:\Users\876762330\Desktop\projects\osteo-vision\research\datasets\public-candidates\d046_fluorescence_osteomyelitis_videos\derived\video_signal_segmentation_20260706\masks_proxy\d046_video_signal_OFDVDNET_012_frame_000680_dea1192839_fluorescence_signal_mask.png,fluorescence_hotspot,"This multi-mask manifest merges public/proxy video-signal masks and prompt-assisted review masks. It is for platform model training and error analysis only, not real intraoperative ICG jaw osteomyelitis clinical ground truth.",accepted,review_required,1.0,,d046_video_signal_OFDVDNET_012_frame_000680_dea1192839,C:\Users\876762330\Desktop\projects\osteo-vision\research\datasets\public-candidates\d046_fluorescence_osteomyelitis_videos\derived\video_signal_segmentation_20260706\video_signal_segmentation_manifest.csv,video_signal_manifest,,C:\Users\876762330\Desktop\projects\osteo-vision\research\datasets\public-candidates\d046_fluorescence_osteomyelitis_videos\raw\fluorescence_proxy\ofdvdnet_dryad_v6wwpzh3w\extracted\OL-2021-07-20-125129-000024-record.mp4,train,45.333333,2048
vsm_d046_video_signal_OFDVDNET_012_frame_001021_b1db712efd_fluorescence_hotspot_0ebffadaa58b,1021,1536,C:\Users\876762330\Desktop\projects\osteo-vision\research\datasets\public-candidates\d046_fluorescence_osteomyelitis_videos\derived\video_signal_segmentation_20260706\keyframes\d046_video_signal_OFDVDNET_012_frame_001021_b1db712efd.jpg,OFDVDnet mock chicken-thigh FGS proxy; not jaw osteomyelitis or real intraoperative target-domain data.,fluorescence_intensity_proxy_mask,C:\Users\876762330\Desktop\projects\osteo-vision\research\datasets\public-candidates\d046_fluorescence_osteomyelitis_videos\derived\video_signal_segmentation_20260706\masks_proxy\d046_video_signal_OFDVDNET_012_frame_001021_b1db712efd_fluorescence_signal_mask.png,fluorescence_hotspot,"This multi-mask manifest merges public/proxy video-signal masks and prompt-assisted review masks. It is for platform model training and error analysis only, not real intraoperative ICG jaw osteomyelitis clinical ground truth.",accepted,review_required,1.0,,d046_video_signal_OFDVDNET_012_frame_001021_b1db712efd,C:\Users\876762330\Desktop\projects\osteo-vision\research\datasets\public-candidates\d046_fluorescence_osteomyelitis_videos\derived\video_signal_segmentation_20260706\video_signal_segmentation_manifest.csv,video_signal_manifest,,C:\Users\876762330\Desktop\projects\osteo-vision\research\datasets\public-candidates\d046_fluorescence_osteomyelitis_videos\raw\fluorescence_proxy\ofdvdnet_dryad_v6wwpzh3w\extracted\OL-2021-07-20-125129-000024-record.mp4,val,68.066667,2048
vsm_d046_video_signal_OFDVDNET_012_frame_001361_bc169146fc_fluorescence_hotspot_674a6201e3fa,1361,1536,C:\Users\876762330\Desktop\projects\osteo-vision\research\datasets\public-candidates\d046_fluorescence_osteomyelitis_videos\derived\video_signal_segmentation_20260706\keyframes\d046_video_signal_OFDVDNET_012_frame_001361_bc169146fc.jpg,OFDVDnet mock chicken-thigh FGS proxy; not jaw osteomyelitis or real intraoperative target-domain data.,fluorescence_intensity_proxy_mask,C:\Users\876762330\Desktop\projects\osteo-vision\research\datasets\public-candidates\d046_fluorescence_osteomyelitis_videos\derived\video_signal_segmentation_20260706\masks_proxy\d046_video_signal_OFDVDNET_012_frame_001361_bc169146fc_fluorescence_signal_mask.png,fluorescence_hotspot,"This multi-mask manifest merges public/proxy video-signal masks and prompt-assisted review masks. It is for platform model training and error analysis only, not real intraoperative ICG jaw osteomyelitis clinical ground truth.",accepted,review_required,1.0,,d046_video_signal_OFDVDNET_012_frame_001361_bc169146fc,C:\Users\876762330\Desktop\projects\osteo-vision\research\datasets\public-candidates\d046_fluorescence_osteomyelitis_videos\derived\video_signal_segmentation_20260706\video_signal_segmentation_manifest.csv,video_signal_manifest,,C:\Users\876762330\Desktop\projects\osteo-vision\research\datasets\public-candidates\d046_fluorescence_osteomyelitis_videos\raw\fluorescence_proxy\ofdvdnet_dryad_v6wwpzh3w\extracted\OL-2021-07-20-125129-000024-record.mp4,val,90.733333,2048
vsm_d046_video_signal_OFDVDNET_013_frame_000000_198c941d3c_fluorescence_hotspot_1bf2ae41f11c,0,1536,C:\Users\876762330\Desktop\projects\osteo-vision\research\datasets\public-candidates\d046_fluorescence_osteomyelitis_videos\derived\video_signal_segmentation_20260706\keyframes\d046_video_signal_OFDVDNET_013_frame_000000_198c941d3c.jpg,OFDVDnet mock chicken-thigh FGS proxy; not jaw osteomyelitis or real intraoperative target-domain data.,fluorescence_intensity_proxy_mask,C:\Users\876762330\Desktop\projects\osteo-vision\research\datasets\public-candidates\d046_fluorescence_osteomyelitis_videos\derived\video_signal_segmentation_20260706\masks_proxy\d046_video_signal_OFDVDNET_013_frame_000000_198c941d3c_fluorescence_signal_mask.png,fluorescence_hotspot,"This multi-mask manifest merges public/proxy video-signal masks and prompt-assisted review masks. It is for platform model training and error analysis only, not real intraoperative ICG jaw osteomyelitis clinical ground truth.",accepted,review_required,1.0,,d046_video_signal_OFDVDNET_013_frame_000000_198c941d3c,C:\Users\876762330\Desktop\projects\osteo-vision\research\datasets\public-candidates\d046_fluorescence_osteomyelitis_videos\derived\video_signal_segmentation_20260706\video_signal_segmentation_manifest.csv,video_signal_manifest,,C:\Users\876762330\Desktop\projects\osteo-vision\research\datasets\public-candidates\d046_fluorescence_osteomyelitis_videos\raw\fluorescence_proxy\ofdvdnet_dryad_v6wwpzh3w\extracted\OL-2021-07-20-125329-000027-record.mp4,val,0.0,2048
vsm_d046_video_signal_OFDVDNET_013_frame_000348_002c199f3e_fluorescence_hotspot_14e9fb39a86f,348,1536,C:\Users\876762330\Desktop\projects\osteo-vision\research\datasets\public-candidates\d046_fluorescence_osteomyelitis_videos\derived\video_signal_segmentation_20260706\keyframes\d046_video_signal_OFDVDNET_013_frame_000348_002c199f3e.jpg,OFDVDnet mock chicken-thigh FGS proxy; not jaw osteomyelitis or real intraoperative target-domain data.,fluorescence_intensity_proxy_mask,C:\Users\876762330\Desktop\projects\osteo-vision\research\datasets\public-candidates\d046_fluorescence_osteomyelitis_videos\derived\video_signal_segmentation_20260706\masks_proxy\d046_video_signal_OFDVDNET_013_frame_000348_002c199f3e_fluorescence_signal_mask.png,fluorescence_hotspot,"This multi-mask manifest merges public/proxy video-signal masks and prompt-assisted review masks. It is for platform model training and error analysis only, not real intraoperative ICG jaw osteomyelitis clinical ground truth.",accepted,review_required,1.0,,d046_video_signal_OFDVDNET_013_frame_000348_002c199f3e,C:\Users\876762330\Desktop\projects\osteo-vision\research\datasets\public-candidates\d046_fluorescence_osteomyelitis_videos\derived\video_signal_segmentation_20260706\video_signal_segmentation_manifest.csv,video_signal_manifest,,C:\Users\876762330\Desktop\projects\osteo-vision\research\datasets\public-candidates\d046_fluorescence_osteomyelitis_videos\raw\fluorescence_proxy\ofdvdnet_dryad_v6wwpzh3w\extracted\OL-2021-07-20-125329-000027-record.mp4,train,23.2,2048
vsm_d046_video_signal_OFDVDNET_013_frame_000696_0005b74a0f_fluorescence_hotspot_d8cb248d3e1b,696,1536,C:\Users\876762330\Desktop\projects\osteo-vision\research\datasets\public-candidates\d046_fluorescence_osteomyelitis_videos\derived\video_signal_segmentation_20260706\keyframes\d046_video_signal_OFDVDNET_013_frame_000696_0005b74a0f.jpg,OFDVDnet mock chicken-thigh FGS proxy; not jaw osteomyelitis or real intraoperative target-domain data.,fluorescence_intensity_proxy_mask,C:\Users\876762330\Desktop\projects\osteo-vision\research\datasets\public-candidates\d046_fluorescence_osteomyelitis_videos\derived\video_signal_segmentation_20260706\masks_proxy\d046_video_signal_OFDVDNET_013_frame_000696_0005b74a0f_fluorescence_signal_mask.png,fluorescence_hotspot,"This multi-mask manifest merges public/proxy video-signal masks and prompt-assisted review masks. It is for platform model training and error analysis only, not real intraoperative ICG jaw osteomyelitis clinical ground truth.",accepted,review_required,1.0,,d046_video_signal_OFDVDNET_013_frame_000696_0005b74a0f,C:\Users\876762330\Desktop\projects\osteo-vision\research\datasets\public-candidates\d046_fluorescence_osteomyelitis_videos\derived\video_signal_segmentation_20260706\video_signal_segmentation_manifest.csv,video_signal_manifest,,C:\Users\876762330\Desktop\projects\osteo-vision\research\datasets\public-candidates\d046_fluorescence_osteomyelitis_videos\raw\fluorescence_proxy\ofdvdnet_dryad_v6wwpzh3w\extracted\OL-2021-07-20-125329-000027-record.mp4,train,46.4,2048
vsm_d046_video_signal_OFDVDNET_013_frame_001043_c1a8a6c049_fluorescence_hotspot_a2fe60c1963e,1043,1536,C:\Users\876762330\Desktop\projects\osteo-vision\research\datasets\public-candidates\d046_fluorescence_osteomyelitis_videos\derived\video_signal_segmentation_20260706\keyframes\d046_video_signal_OFDVDNET_013_frame_001043_c1a8a6c049.jpg,OFDVDnet mock chicken-thigh FGS proxy; not jaw osteomyelitis or real intraoperative target-domain data.,fluorescence_intensity_proxy_mask,C:\Users\876762330\Desktop\projects\osteo-vision\research\datasets\public-candidates\d046_fluorescence_osteomyelitis_videos\derived\video_signal_segmentation_20260706\masks_proxy\d046_video_signal_OFDVDNET_013_frame_001043_c1a8a6c049_fluorescence_signal_mask.png,fluorescence_hotspot,"This multi-mask manifest merges public/proxy video-signal masks and prompt-assisted review masks. It is for platform model training and error analysis only, not real intraoperative ICG jaw osteomyelitis clinical ground truth.",accepted,review_required,1.0,,d046_video_signal_OFDVDNET_013_frame_001043_c1a8a6c049,C:\Users\876762330\Desktop\projects\osteo-vision\research\datasets\public-candidates\d046_fluorescence_osteomyelitis_videos\derived\video_signal_segmentation_20260706\video_signal_segmentation_manifest.csv,video_signal_manifest,,C:\Users\876762330\Desktop\projects\osteo-vision\research\datasets\public-candidates\d046_fluorescence_osteomyelitis_videos\raw\fluorescence_proxy\ofdvdnet_dryad_v6wwpzh3w\extracted\OL-2021-07-20-125329-000027-record.mp4,val,69.533333,2048
vsm_d046_video_signal_OFDVDNET_013_frame_001391_ae082404b1_fluorescence_hotspot_6725449bdf8b,1391,1536,C:\Users\876762330\Desktop\projects\osteo-vision\research\datasets\public-candidates\d046_fluorescence_osteomyelitis_videos\derived\video_signal_segmentation_20260706\keyframes\d046_video_signal_OFDVDNET_013_frame_001391_ae082404b1.jpg,OFDVDnet mock chicken-thigh FGS proxy; not jaw osteomyelitis or real intraoperative target-domain data.,fluorescence_intensity_proxy_mask,C:\Users\876762330\Desktop\projects\osteo-vision\research\datasets\public-candidates\d046_fluorescence_osteomyelitis_videos\derived\video_signal_segmentation_20260706\masks_proxy\d046_video_signal_OFDVDNET_013_frame_001391_ae082404b1_fluorescence_signal_mask.png,fluorescence_hotspot,"This multi-mask manifest merges public/proxy video-signal masks and prompt-assisted review masks. It is for platform model training and error analysis only, not real intraoperative ICG jaw osteomyelitis clinical ground truth.",accepted,review_required,1.0,,d046_video_signal_OFDVDNET_013_frame_001391_ae082404b1,C:\Users\876762330\Desktop\projects\osteo-vision\research\datasets\public-candidates\d046_fluorescence_osteomyelitis_videos\derived\video_signal_segmentation_20260706\video_signal_segmentation_manifest.csv,video_signal_manifest,,C:\Users\876762330\Desktop\projects\osteo-vision\research\datasets\public-candidates\d046_fluorescence_osteomyelitis_videos\raw\fluorescence_proxy\ofdvdnet_dryad_v6wwpzh3w\extracted\OL-2021-07-20-125329-000027-record.mp4,train,92.733333,2048
vsm_d046_video_signal_OFDVDNET_014_frame_000000_b2fd3396dd_fluorescence_hotspot_9abce0a49575,0,1536,C:\Users\876762330\Desktop\projects\osteo-vision\research\datasets\public-candidates\d046_fluorescence_osteomyelitis_videos\derived\video_signal_segmentation_20260706\keyframes\d046_video_signal_OFDVDNET_014_frame_000000_b2fd3396dd.jpg,OFDVDnet mock chicken-thigh FGS proxy; not jaw osteomyelitis or real intraoperative target-domain data.,fluorescence_intensity_proxy_mask,C:\Users\876762330\Desktop\projects\osteo-vision\research\datasets\public-candidates\d046_fluorescence_osteomyelitis_videos\derived\video_signal_segmentation_20260706\masks_proxy\d046_video_signal_OFDVDNET_014_frame_000000_b2fd3396dd_fluorescence_signal_mask.png,fluorescence_hotspot,"This multi-mask manifest merges public/proxy video-signal masks and prompt-assisted review masks. It is for platform model training and error analysis only, not real intraoperative ICG jaw osteomyelitis clinical ground truth.",accepted,review_required,1.0,,d046_video_signal_OFDVDNET_014_frame_000000_b2fd3396dd,C:\Users\876762330\Desktop\projects\osteo-vision\research\datasets\public-candidates\d046_fluorescence_osteomyelitis_videos\derived\video_signal_segmentation_20260706\video_signal_segmentation_manifest.csv,video_signal_manifest,,C:\Users\876762330\Desktop\projects\osteo-vision\research\datasets\public-candidates\d046_fluorescence_osteomyelitis_videos\raw\fluorescence_proxy\ofdvdnet_dryad_v6wwpzh3w\extracted\OL-2021-07-20-125458-000030-record.mp4,train,0.0,2048
vsm_d046_video_signal_OFDVDNET_014_frame_000322_f7ce6707b7_fluorescence_hotspot_89de897121f9,322,1536,C:\Users\876762330\Desktop\projects\osteo-vision\research\datasets\public-candidates\d046_fluorescence_osteomyelitis_videos\derived\video_signal_segmentation_20260706\keyframes\d046_video_signal_OFDVDNET_014_frame_000322_f7ce6707b7.jpg,OFDVDnet mock chicken-thigh FGS proxy; not jaw osteomyelitis or real intraoperative target-domain data.,fluorescence_intensity_proxy_mask,C:\Users\876762330\Desktop\projects\osteo-vision\research\datasets\public-candidates\d046_fluorescence_osteomyelitis_videos\derived\video_signal_segmentation_20260706\masks_proxy\d046_video_signal_OFDVDNET_014_frame_000322_f7ce6707b7_fluorescence_signal_mask.png,fluorescence_hotspot,"This multi-mask manifest merges public/proxy video-signal masks and prompt-assisted review masks. It is for platform model training and error analysis only, not real intraoperative ICG jaw osteomyelitis clinical ground truth.",accepted,review_required,1.0,,d046_video_signal_OFDVDNET_014_frame_000322_f7ce6707b7,C:\Users\876762330\Desktop\projects\osteo-vision\research\datasets\public-candidates\d046_fluorescence_osteomyelitis_videos\derived\video_signal_segmentation_20260706\video_signal_segmentation_manifest.csv,video_signal_manifest,,C:\Users\876762330\Desktop\projects\osteo-vision\research\datasets\public-candidates\d046_fluorescence_osteomyelitis_videos\raw\fluorescence_proxy\ofdvdnet_dryad_v6wwpzh3w\extracted\OL-2021-07-20-125458-000030-record.mp4,train,21.466667,2048
vsm_d046_video_signal_OFDVDNET_014_frame_000644_2a2053cdae_fluorescence_hotspot_51555296861b,644,1536,C:\Users\876762330\Desktop\projects\osteo-vision\research\datasets\public-candidates\d046_fluorescence_osteomyelitis_videos\derived\video_signal_segmentation_20260706\keyframes\d046_video_signal_OFDVDNET_014_frame_000644_2a2053cdae.jpg,OFDVDnet mock chicken-thigh FGS proxy; not jaw osteomyelitis or real intraoperative target-domain data.,fluorescence_intensity_proxy_mask,C:\Users\876762330\Desktop\projects\osteo-vision\research\datasets\public-candidates\d046_fluorescence_osteomyelitis_videos\derived\video_signal_segmentation_20260706\masks_proxy\d046_video_signal_OFDVDNET_014_frame_000644_2a2053cdae_fluorescence_signal_mask.png,fluorescence_hotspot,"This multi-mask manifest merges public/proxy video-signal masks and prompt-assisted review masks. It is for platform model training and error analysis only, not real intraoperative ICG jaw osteomyelitis clinical ground truth.",accepted,review_required,1.0,,d046_video_signal_OFDVDNET_014_frame_000644_2a2053cdae,C:\Users\876762330\Desktop\projects\osteo-vision\research\datasets\public-candidates\d046_fluorescence_osteomyelitis_videos\derived\video_signal_segmentation_20260706\video_signal_segmentation_manifest.csv,video_signal_manifest,,C:\Users\876762330\Desktop\projects\osteo-vision\research\datasets\public-candidates\d046_fluorescence_osteomyelitis_videos\raw\fluorescence_proxy\ofdvdnet_dryad_v6wwpzh3w\extracted\OL-2021-07-20-125458-000030-record.mp4,train,42.933333,2048
vsm_d046_video_signal_OFDVDNET_014_frame_000965_5465e08df8_fluorescence_hotspot_1ad6a200924a,965,1536,C:\Users\876762330\Desktop\projects\osteo-vision\research\datasets\public-candidates\d046_fluorescence_osteomyelitis_videos\derived\video_signal_segmentation_20260706\keyframes\d046_video_signal_OFDVDNET_014_frame_000965_5465e08df8.jpg,OFDVDnet mock chicken-thigh FGS proxy; not jaw osteomyelitis or real intraoperative target-domain data.,fluorescence_intensity_proxy_mask,C:\Users\876762330\Desktop\projects\osteo-vision\research\datasets\public-candidates\d046_fluorescence_osteomyelitis_videos\derived\video_signal_segmentation_20260706\masks_proxy\d046_video_signal_OFDVDNET_014_frame_000965_5465e08df8_fluorescence_signal_mask.png,fluorescence_hotspot,"This multi-mask manifest merges public/proxy video-signal masks and prompt-assisted review masks. It is for platform model training and error analysis only, not real intraoperative ICG jaw osteomyelitis clinical ground truth.",accepted,review_required,1.0,,d046_video_signal_OFDVDNET_014_frame_000965_5465e08df8,C:\Users\876762330\Desktop\projects\osteo-vision\research\datasets\public-candidates\d046_fluorescence_osteomyelitis_videos\derived\video_signal_segmentation_20260706\video_signal_segmentation_manifest.csv,video_signal_manifest,,C:\Users\876762330\Desktop\projects\osteo-vision\research\datasets\public-candidates\d046_fluorescence_osteomyelitis_videos\raw\fluorescence_proxy\ofdvdnet_dryad_v6wwpzh3w\extracted\OL-2021-07-20-125458-000030-record.mp4,train,64.333333,2048
vsm_d046_video_signal_OFDVDNET_014_frame_001287_dbace72204_fluorescence_hotspot_919deab371dc,1287,1536,C:\Users\876762330\Desktop\projects\osteo-vision\research\datasets\public-candidates\d046_fluorescence_osteomyelitis_videos\derived\video_signal_segmentation_20260706\keyframes\d046_video_signal_OFDVDNET_014_frame_001287_dbace72204.jpg,OFDVDnet mock chicken-thigh FGS proxy; not jaw osteomyelitis or real intraoperative target-domain data.,fluorescence_intensity_proxy_mask,C:\Users\876762330\Desktop\projects\osteo-vision\research\datasets\public-candidates\d046_fluorescence_osteomyelitis_videos\derived\video_signal_segmentation_20260706\masks_proxy\d046_video_signal_OFDVDNET_014_frame_001287_dbace72204_fluorescence_signal_mask.png,fluorescence_hotspot,"This multi-mask manifest merges public/proxy video-signal masks and prompt-assisted review masks. It is for platform model training and error analysis only, not real intraoperative ICG jaw osteomyelitis clinical ground truth.",accepted,review_required,1.0,,d046_video_signal_OFDVDNET_014_frame_001287_dbace72204,C:\Users\876762330\Desktop\projects\osteo-vision\research\datasets\public-candidates\d046_fluorescence_osteomyelitis_videos\derived\video_signal_segmentation_20260706\video_signal_segmentation_manifest.csv,video_signal_manifest,,C:\Users\876762330\Desktop\projects\osteo-vision\research\datasets\public-candidates\d046_fluorescence_osteomyelitis_videos\raw\fluorescence_proxy\ofdvdnet_dryad_v6wwpzh3w\extracted\OL-2021-07-20-125458-000030-record.mp4,train,85.8,2048
vsm_d046_video_signal_OFDVDNET_015_frame_000000_9a89b725e0_fluorescence_hotspot_28cbd6360366,0,1536,C:\Users\876762330\Desktop\projects\osteo-vision\research\datasets\public-candidates\d046_fluorescence_osteomyelitis_videos\derived\video_signal_segmentation_20260706\keyframes\d046_video_signal_OFDVDNET_015_frame_000000_9a89b725e0.jpg,OFDVDnet mock chicken-thigh FGS proxy; not jaw osteomyelitis or real intraoperative target-domain data.,fluorescence_intensity_proxy_mask,C:\Users\876762330\Desktop\projects\osteo-vision\research\datasets\public-candidates\d046_fluorescence_osteomyelitis_videos\derived\video_signal_segmentation_20260706\masks_proxy\d046_video_signal_OFDVDNET_015_frame_000000_9a89b725e0_fluorescence_signal_mask.png,fluorescence_hotspot,"This multi-mask manifest merges public/proxy video-signal masks and prompt-assisted review masks. It is for platform model training and error analysis only, not real intraoperative ICG jaw osteomyelitis clinical ground truth.",accepted,review_required,1.0,,d046_video_signal_OFDVDNET_015_frame_000000_9a89b725e0,C:\Users\876762330\Desktop\projects\osteo-vision\research\datasets\public-candidates\d046_fluorescence_osteomyelitis_videos\derived\video_signal_segmentation_20260706\video_signal_segmentation_manifest.csv,video_signal_manifest,,C:\Users\876762330\Desktop\projects\osteo-vision\research\datasets\public-candidates\d046_fluorescence_osteomyelitis_videos\raw\fluorescence_proxy\ofdvdnet_dryad_v6wwpzh3w\extracted\OL-2021-07-20-125621-000033-record.mp4,train,0.0,2048
vsm_d046_video_signal_OFDVDNET_015_frame_000340_6578e6342a_fluorescence_hotspot_f35b3f030b72,340,1536,C:\Users\876762330\Desktop\projects\osteo-vision\research\datasets\public-candidates\d046_fluorescence_osteomyelitis_videos\derived\video_signal_segmentation_20260706\keyframes\d046_video_signal_OFDVDNET_015_frame_000340_6578e6342a.jpg,OFDVDnet mock chicken-thigh FGS proxy; not jaw osteomyelitis or real intraoperative target-domain data.,fluorescence_intensity_proxy_mask,C:\Users\876762330\Desktop\projects\osteo-vision\research\datasets\public-candidates\d046_fluorescence_osteomyelitis_videos\derived\video_signal_segmentation_20260706\masks_proxy\d046_video_signal_OFDVDNET_015_frame_000340_6578e6342a_fluorescence_signal_mask.png,fluorescence_hotspot,"This multi-mask manifest merges public/proxy video-signal masks and prompt-assisted review masks. It is for platform model training and error analysis only, not real intraoperative ICG jaw osteomyelitis clinical ground truth.",accepted,review_required,1.0,,d046_video_signal_OFDVDNET_015_frame_000340_6578e6342a,C:\Users\876762330\Desktop\projects\osteo-vision\research\datasets\public-candidates\d046_fluorescence_osteomyelitis_videos\derived\video_signal_segmentation_20260706\video_signal_segmentation_manifest.csv,video_signal_manifest,,C:\Users\876762330\Desktop\projects\osteo-vision\research\datasets\public-candidates\d046_fluorescence_osteomyelitis_videos\raw\fluorescence_proxy\ofdvdnet_dryad_v6wwpzh3w\extracted\OL-2021-07-20-125621-000033-record.mp4,train,22.666667,2048
vsm_d046_video_signal_OFDVDNET_015_frame_000680_10478e173d_fluorescence_hotspot_59db29c89a53,680,1536,C:\Users\876762330\Desktop\projects\osteo-vision\research\datasets\public-candidates\d046_fluorescence_osteomyelitis_videos\derived\video_signal_segmentation_20260706\keyframes\d046_video_signal_OFDVDNET_015_frame_000680_10478e173d.jpg,OFDVDnet mock chicken-thigh FGS proxy; not jaw osteomyelitis or real intraoperative target-domain data.,fluorescence_intensity_proxy_mask,C:\Users\876762330\Desktop\projects\osteo-vision\research\datasets\public-candidates\d046_fluorescence_osteomyelitis_videos\derived\video_signal_segmentation_20260706\masks_proxy\d046_video_signal_OFDVDNET_015_frame_000680_10478e173d_fluorescence_signal_mask.png,fluorescence_hotspot,"This multi-mask manifest merges public/proxy video-signal masks and prompt-assisted review masks. It is for platform model training and error analysis only, not real intraoperative ICG jaw osteomyelitis clinical ground truth.",accepted,review_required,1.0,,d046_video_signal_OFDVDNET_015_frame_000680_10478e173d,C:\Users\876762330\Desktop\projects\osteo-vision\research\datasets\public-candidates\d046_fluorescence_osteomyelitis_videos\derived\video_signal_segmentation_20260706\video_signal_segmentation_manifest.csv,video_signal_manifest,,C:\Users\876762330\Desktop\projects\osteo-vision\research\datasets\public-candidates\d046_fluorescence_osteomyelitis_videos\raw\fluorescence_proxy\ofdvdnet_dryad_v6wwpzh3w\extracted\OL-2021-07-20-125621-000033-record.mp4,train,45.333333,2048
vsm_d046_video_signal_OFDVDNET_015_frame_001020_02593c3a9a_fluorescence_hotspot_960303b21d7a,1020,1536,C:\Users\876762330\Desktop\projects\osteo-vision\research\datasets\public-candidates\d046_fluorescence_osteomyelitis_videos\derived\video_signal_segmentation_20260706\keyframes\d046_video_signal_OFDVDNET_015_frame_001020_02593c3a9a.jpg,OFDVDnet mock chicken-thigh FGS proxy; not jaw osteomyelitis or real intraoperative target-domain data.,fluorescence_intensity_proxy_mask,C:\Users\876762330\Desktop\projects\osteo-vision\research\datasets\public-candidates\d046_fluorescence_osteomyelitis_videos\derived\video_signal_segmentation_20260706\masks_proxy\d046_video_signal_OFDVDNET_015_frame_001020_02593c3a9a_fluorescence_signal_mask.png,fluorescence_hotspot,"This multi-mask manifest merges public/proxy video-signal masks and prompt-assisted review masks. It is for platform model training and error analysis only, not real intraoperative ICG jaw osteomyelitis clinical ground truth.",accepted,review_required,1.0,,d046_video_signal_OFDVDNET_015_frame_001020_02593c3a9a,C:\Users\876762330\Desktop\projects\osteo-vision\research\datasets\public-candidates\d046_fluorescence_osteomyelitis_videos\derived\video_signal_segmentation_20260706\video_signal_segmentation_manifest.csv,video_signal_manifest,,C:\Users\876762330\Desktop\projects\osteo-vision\research\datasets\public-candidates\d046_fluorescence_osteomyelitis_videos\raw\fluorescence_proxy\ofdvdnet_dryad_v6wwpzh3w\extracted\OL-2021-07-20-125621-000033-record.mp4,val,68.0,2048
vsm_d046_video_signal_OFDVDNET_015_frame_001360_6905b25369_fluorescence_hotspot_40f404a1e0f6,1360,1536,C:\Users\876762330\Desktop\projects\osteo-vision\research\datasets\public-candidates\d046_fluorescence_osteomyelitis_videos\derived\video_signal_segmentation_20260706\keyframes\d046_video_signal_OFDVDNET_015_frame_001360_6905b25369.jpg,OFDVDnet mock chicken-thigh FGS proxy; not jaw osteomyelitis or real intraoperative target-domain data.,fluorescence_intensity_proxy_mask,C:\Users\876762330\Desktop\projects\osteo-vision\research\datasets\public-candidates\d046_fluorescence_osteomyelitis_videos\derived\video_signal_segmentation_20260706\masks_proxy\d046_video_signal_OFDVDNET_015_frame_001360_6905b25369_fluorescence_signal_mask.png,fluorescence_hotspot,"This multi-mask manifest merges public/proxy video-signal masks and prompt-assisted review masks. It is for platform model training and error analysis only, not real intraoperative ICG jaw osteomyelitis clinical ground truth.",accepted,review_required,1.0,,d046_video_signal_OFDVDNET_015_frame_001360_6905b25369,C:\Users\876762330\Desktop\projects\osteo-vision\research\datasets\public-candidates\d046_fluorescence_osteomyelitis_videos\derived\video_signal_segmentation_20260706\video_signal_segmentation_manifest.csv,video_signal_manifest,,C:\Users\876762330\Desktop\projects\osteo-vision\research\datasets\public-candidates\d046_fluorescence_osteomyelitis_videos\raw\fluorescence_proxy\ofdvdnet_dryad_v6wwpzh3w\extracted\OL-2021-07-20-125621-000033-record.mp4,train,90.666667,2048
vsm_d046_video_signal_OFDVDNET_016_frame_000000_41fe5365f6_fluorescence_hotspot_4ca6e017c6d4,0,1536,C:\Users\876762330\Desktop\projects\osteo-vision\research\datasets\public-candidates\d046_fluorescence_osteomyelitis_videos\derived\video_signal_segmentation_20260706\keyframes\d046_video_signal_OFDVDNET_016_frame_000000_41fe5365f6.jpg,OFDVDnet mock chicken-thigh FGS proxy; not jaw osteomyelitis or real intraoperative target-domain data.,fluorescence_intensity_proxy_mask,C:\Users\876762330\Desktop\projects\osteo-vision\research\datasets\public-candidates\d046_fluorescence_osteomyelitis_videos\derived\video_signal_segmentation_20260706\masks_proxy\d046_video_signal_OFDVDNET_016_frame_000000_41fe5365f6_fluorescence_signal_mask.png,fluorescence_hotspot,"This multi-mask manifest merges public/proxy video-signal masks and prompt-assisted review masks. It is for platform model training and error analysis only, not real intraoperative ICG jaw osteomyelitis clinical ground truth.",accepted,review_required,1.0,,d046_video_signal_OFDVDNET_016_frame_000000_41fe5365f6,C:\Users\876762330\Desktop\projects\osteo-vision\research\datasets\public-candidates\d046_fluorescence_osteomyelitis_videos\derived\video_signal_segmentation_20260706\video_signal_segmentation_manifest.csv,video_signal_manifest,,C:\Users\876762330\Desktop\projects\osteo-vision\research\datasets\public-candidates\d046_fluorescence_osteomyelitis_videos\raw\fluorescence_proxy\ofdvdnet_dryad_v6wwpzh3w\extracted\OL-2021-07-20-125749-000036-record.mp4,train,0.0,2048
vsm_d046_video_signal_OFDVDNET_016_frame_000322_38b1994591_fluorescence_hotspot_79b4a08e0ce9,322,1536,C:\Users\876762330\Desktop\projects\osteo-vision\research\datasets\public-candidates\d046_fluorescence_osteomyelitis_videos\derived\video_signal_segmentation_20260706\keyframes\d046_video_signal_OFDVDNET_016_frame_000322_38b1994591.jpg,OFDVDnet mock chicken-thigh FGS proxy; not jaw osteomyelitis or real intraoperative target-domain data.,fluorescence_intensity_proxy_mask,C:\Users\876762330\Desktop\projects\osteo-vision\research\datasets\public-candidates\d046_fluorescence_osteomyelitis_videos\derived\video_signal_segmentation_20260706\masks_proxy\d046_video_signal_OFDVDNET_016_frame_000322_38b1994591_fluorescence_signal_mask.png,fluorescence_hotspot,"This multi-mask manifest merges public/proxy video-signal masks and prompt-assisted review masks. It is for platform model training and error analysis only, not real intraoperative ICG jaw osteomyelitis clinical ground truth.",accepted,review_required,1.0,,d046_video_signal_OFDVDNET_016_frame_000322_38b1994591,C:\Users\876762330\Desktop\projects\osteo-vision\research\datasets\public-candidates\d046_fluorescence_osteomyelitis_videos\derived\video_signal_segmentation_20260706\video_signal_segmentation_manifest.csv,video_signal_manifest,,C:\Users\876762330\Desktop\projects\osteo-vision\research\datasets\public-candidates\d046_fluorescence_osteomyelitis_videos\raw\fluorescence_proxy\ofdvdnet_dryad_v6wwpzh3w\extracted\OL-2021-07-20-125749-000036-record.mp4,train,21.466667,2048
vsm_d046_video_signal_OFDVDNET_016_frame_000644_c2166ced5c_fluorescence_hotspot_a3be495eed0e,644,1536,C:\Users\876762330\Desktop\projects\osteo-vision\research\datasets\public-candidates\d046_fluorescence_osteomyelitis_videos\derived\video_signal_segmentation_20260706\keyframes\d046_video_signal_OFDVDNET_016_frame_000644_c2166ced5c.jpg,OFDVDnet mock chicken-thigh FGS proxy; not jaw osteomyelitis or real intraoperative target-domain data.,fluorescence_intensity_proxy_mask,C:\Users\876762330\Desktop\projects\osteo-vision\research\datasets\public-candidates\d046_fluorescence_osteomyelitis_videos\derived\video_signal_segmentation_20260706\masks_proxy\d046_video_signal_OFDVDNET_016_frame_000644_c2166ced5c_fluorescence_signal_mask.png,fluorescence_hotspot,"This multi-mask manifest merges public/proxy video-signal masks and prompt-assisted review masks. It is for platform model training and error analysis only, not real intraoperative ICG jaw osteomyelitis clinical ground truth.",accepted,review_required,1.0,,d046_video_signal_OFDVDNET_016_frame_000644_c2166ced5c,C:\Users\876762330\Desktop\projects\osteo-vision\research\datasets\public-candidates\d046_fluorescence_osteomyelitis_videos\derived\video_signal_segmentation_20260706\video_signal_segmentation_manifest.csv,video_signal_manifest,,C:\Users\876762330\Desktop\projects\osteo-vision\research\datasets\public-candidates\d046_fluorescence_osteomyelitis_videos\raw\fluorescence_proxy\ofdvdnet_dryad_v6wwpzh3w\extracted\OL-2021-07-20-125749-000036-record.mp4,train,42.933333,2048
vsm_d046_video_signal_OFDVDNET_016_frame_000967_3b50c63b63_fluorescence_hotspot_509a0aada3f1,967,1536,C:\Users\876762330\Desktop\projects\osteo-vision\research\datasets\public-candidates\d046_fluorescence_osteomyelitis_videos\derived\video_signal_segmentation_20260706\keyframes\d046_video_signal_OFDVDNET_016_frame_000967_3b50c63b63.jpg,OFDVDnet mock chicken-thigh FGS proxy; not jaw osteomyelitis or real intraoperative target-domain data.,fluorescence_intensity_proxy_mask,C:\Users\876762330\Desktop\projects\osteo-vision\research\datasets\public-candidates\d046_fluorescence_osteomyelitis_videos\derived\video_signal_segmentation_20260706\masks_proxy\d046_video_signal_OFDVDNET_016_frame_000967_3b50c63b63_fluorescence_signal_mask.png,fluorescence_hotspot,"This multi-mask manifest merges public/proxy video-signal masks and prompt-assisted review masks. It is for platform model training and error analysis only, not real intraoperative ICG jaw osteomyelitis clinical ground truth.",accepted,review_required,1.0,,d046_video_signal_OFDVDNET_016_frame_000967_3b50c63b63,C:\Users\876762330\Desktop\projects\osteo-vision\research\datasets\public-candidates\d046_fluorescence_osteomyelitis_videos\derived\video_signal_segmentation_20260706\video_signal_segmentation_manifest.csv,video_signal_manifest,,C:\Users\876762330\Desktop\projects\osteo-vision\research\datasets\public-candidates\d046_fluorescence_osteomyelitis_videos\raw\fluorescence_proxy\ofdvdnet_dryad_v6wwpzh3w\extracted\OL-2021-07-20-125749-000036-record.mp4,train,64.466667,2048
vsm_d046_video_signal_OFDVDNET_016_frame_001289_adf6c2da2c_fluorescence_hotspot_f5d017ce3420,1289,1536,C:\Users\876762330\Desktop\projects\osteo-vision\research\datasets\public-candidates\d046_fluorescence_osteomyelitis_videos\derived\video_signal_segmentation_20260706\keyframes\d046_video_signal_OFDVDNET_016_frame_001289_adf6c2da2c.jpg,OFDVDnet mock chicken-thigh FGS proxy; not jaw osteomyelitis or real intraoperative target-domain data.,fluorescence_intensity_proxy_mask,C:\Users\876762330\Desktop\projects\osteo-vision\research\datasets\public-candidates\d046_fluorescence_osteomyelitis_videos\derived\video_signal_segmentation_20260706\masks_proxy\d046_video_signal_OFDVDNET_016_frame_001289_adf6c2da2c_fluorescence_signal_mask.png,fluorescence_hotspot,"This multi-mask manifest merges public/proxy video-signal masks and prompt-assisted review masks. It is for platform model training and error analysis only, not real intraoperative ICG jaw osteomyelitis clinical ground truth.",accepted,review_required,1.0,,d046_video_signal_OFDVDNET_016_frame_001289_adf6c2da2c,C:\Users\876762330\Desktop\projects\osteo-vision\research\datasets\public-candidates\d046_fluorescence_osteomyelitis_videos\derived\video_signal_segmentation_20260706\video_signal_segmentation_manifest.csv,video_signal_manifest,,C:\Users\876762330\Desktop\projects\osteo-vision\research\datasets\public-candidates\d046_fluorescence_osteomyelitis_videos\raw\fluorescence_proxy\ofdvdnet_dryad_v6wwpzh3w\extracted\OL-2021-07-20-125749-000036-record.mp4,train,85.933333,2048
vsm_d046_video_signal_OFDVDNET_017_frame_000000_d73ead7256_fluorescence_hotspot_b2208237e57d,0,1536,C:\Users\876762330\Desktop\projects\osteo-vision\research\datasets\public-candidates\d046_fluorescence_osteomyelitis_videos\derived\video_signal_segmentation_20260706\keyframes\d046_video_signal_OFDVDNET_017_frame_000000_d73ead7256.jpg,OFDVDnet mock chicken-thigh FGS proxy; not jaw osteomyelitis or real intraoperative target-domain data.,fluorescence_intensity_proxy_mask,C:\Users\876762330\Desktop\projects\osteo-vision\research\datasets\public-candidates\d046_fluorescence_osteomyelitis_videos\derived\video_signal_segmentation_20260706\masks_proxy\d046_video_signal_OFDVDNET_017_frame_000000_d73ead7256_fluorescence_signal_mask.png,fluorescence_hotspot,"This multi-mask manifest merges public/proxy video-signal masks and prompt-assisted review masks. It is for platform model training and error analysis only, not real intraoperative ICG jaw osteomyelitis clinical ground truth.",accepted,review_required,1.0,,d046_video_signal_OFDVDNET_017_frame_000000_d73ead7256,C:\Users\876762330\Desktop\projects\osteo-vision\research\datasets\public-candidates\d046_fluorescence_osteomyelitis_videos\derived\video_signal_segmentation_20260706\video_signal_segmentation_manifest.csv,video_signal_manifest,,C:\Users\876762330\Desktop\projects\osteo-vision\research\datasets\public-candidates\d046_fluorescence_osteomyelitis_videos\raw\fluorescence_proxy\ofdvdnet_dryad_v6wwpzh3w\extracted\OL-2021-07-20-125913-000039-record.mp4,val,0.0,2048
vsm_d046_video_signal_OFDVDNET_017_frame_000365_2422d5b58a_fluorescence_hotspot_b3d435faf3af,365,1536,C:\Users\876762330\Desktop\projects\osteo-vision\research\datasets\public-candidates\d046_fluorescence_osteomyelitis_videos\derived\video_signal_segmentation_20260706\keyframes\d046_video_signal_OFDVDNET_017_frame_000365_2422d5b58a.jpg,OFDVDnet mock chicken-thigh FGS proxy; not jaw osteomyelitis or real intraoperative target-domain data.,fluorescence_intensity_proxy_mask,C:\Users\876762330\Desktop\projects\osteo-vision\research\datasets\public-candidates\d046_fluorescence_osteomyelitis_videos\derived\video_signal_segmentation_20260706\masks_proxy\d046_video_signal_OFDVDNET_017_frame_000365_2422d5b58a_fluorescence_signal_mask.png,fluorescence_hotspot,"This multi-mask manifest merges public/proxy video-signal masks and prompt-assisted review masks. It is for platform model training and error analysis only, not real intraoperative ICG jaw osteomyelitis clinical ground truth.",accepted,review_required,1.0,,d046_video_signal_OFDVDNET_017_frame_000365_2422d5b58a,C:\Users\876762330\Desktop\projects\osteo-vision\research\datasets\public-candidates\d046_fluorescence_osteomyelitis_videos\derived\video_signal_segmentation_20260706\video_signal_segmentation_manifest.csv,video_signal_manifest,,C:\Users\876762330\Desktop\projects\osteo-vision\research\datasets\public-candidates\d046_fluorescence_osteomyelitis_videos\raw\fluorescence_proxy\ofdvdnet_dryad_v6wwpzh3w\extracted\OL-2021-07-20-125913-000039-record.mp4,train,24.333333,2048
vsm_d046_video_signal_OFDVDNET_017_frame_000730_f8da0f0e1b_fluorescence_hotspot_2f2670f879e0,730,1536,C:\Users\876762330\Desktop\projects\osteo-vision\research\datasets\public-candidates\d046_fluorescence_osteomyelitis_videos\derived\video_signal_segmentation_20260706\keyframes\d046_video_signal_OFDVDNET_017_frame_000730_f8da0f0e1b.jpg,OFDVDnet mock chicken-thigh FGS proxy; not jaw osteomyelitis or real intraoperative target-domain data.,fluorescence_intensity_proxy_mask,C:\Users\876762330\Desktop\projects\osteo-vision\research\datasets\public-candidates\d046_fluorescence_osteomyelitis_videos\derived\video_signal_segmentation_20260706\masks_proxy\d046_video_signal_OFDVDNET_017_frame_000730_f8da0f0e1b_fluorescence_signal_mask.png,fluorescence_hotspot,"This multi-mask manifest merges public/proxy video-signal masks and prompt-assisted review masks. It is for platform model training and error analysis only, not real intraoperative ICG jaw osteomyelitis clinical ground truth.",accepted,review_required,1.0,,d046_video_signal_OFDVDNET_017_frame_000730_f8da0f0e1b,C:\Users\876762330\Desktop\projects\osteo-vision\research\datasets\public-candidates\d046_fluorescence_osteomyelitis_videos\derived\video_signal_segmentation_20260706\video_signal_segmentation_manifest.csv,video_signal_manifest,,C:\Users\876762330\Desktop\projects\osteo-vision\research\datasets\public-candidates\d046_fluorescence_osteomyelitis_videos\raw\fluorescence_proxy\ofdvdnet_dryad_v6wwpzh3w\extracted\OL-2021-07-20-125913-000039-record.mp4,train,48.666667,2048
vsm_d046_video_signal_OFDVDNET_017_frame_001096_4c5fa66a20_fluorescence_hotspot_8e22ee425a49,1096,1536,C:\Users\876762330\Desktop\projects\osteo-vision\research\datasets\public-candidates\d046_fluorescence_osteomyelitis_videos\derived\video_signal_segmentation_20260706\keyframes\d046_video_signal_OFDVDNET_017_frame_001096_4c5fa66a20.jpg,OFDVDnet mock chicken-thigh FGS proxy; not jaw osteomyelitis or real intraoperative target-domain data.,fluorescence_intensity_proxy_mask,C:\Users\876762330\Desktop\projects\osteo-vision\research\datasets\public-candidates\d046_fluorescence_osteomyelitis_videos\derived\video_signal_segmentation_20260706\masks_proxy\d046_video_signal_OFDVDNET_017_frame_001096_4c5fa66a20_fluorescence_signal_mask.png,fluorescence_hotspot,"This multi-mask manifest merges public/proxy video-signal masks and prompt-assisted review masks. It is for platform model training and error analysis only, not real intraoperative ICG jaw osteomyelitis clinical ground truth.",accepted,review_required,1.0,,d046_video_signal_OFDVDNET_017_frame_001096_4c5fa66a20,C:\Users\876762330\Desktop\projects\osteo-vision\research\datasets\public-candidates\d046_fluorescence_osteomyelitis_videos\derived\video_signal_segmentation_20260706\video_signal_segmentation_manifest.csv,video_signal_manifest,,C:\Users\876762330\Desktop\projects\osteo-vision\research\datasets\public-candidates\d046_fluorescence_osteomyelitis_videos\raw\fluorescence_proxy\ofdvdnet_dryad_v6wwpzh3w\extracted\OL-2021-07-20-125913-000039-record.mp4,train,73.066667,2048
vsm_d046_video_signal_OFDVDNET_017_frame_001461_1448650241_fluorescence_hotspot_2b299f979757,1461,1536,C:\Users\876762330\Desktop\projects\osteo-vision\research\datasets\public-candidates\d046_fluorescence_osteomyelitis_videos\derived\video_signal_segmentation_20260706\keyframes\d046_video_signal_OFDVDNET_017_frame_001461_1448650241.jpg,OFDVDnet mock chicken-thigh FGS proxy; not jaw osteomyelitis or real intraoperative target-domain data.,fluorescence_intensity_proxy_mask,C:\Users\876762330\Desktop\projects\osteo-vision\research\datasets\public-candidates\d046_fluorescence_osteomyelitis_videos\derived\video_signal_segmentation_20260706\masks_proxy\d046_video_signal_OFDVDNET_017_frame_001461_1448650241_fluorescence_signal_mask.png,fluorescence_hotspot,"This multi-mask manifest merges public/proxy video-signal masks and prompt-assisted review masks. It is for platform model training and error analysis only, not real intraoperative ICG jaw osteomyelitis clinical ground truth.",accepted,review_required,1.0,,d046_video_signal_OFDVDNET_017_frame_001461_1448650241,C:\Users\876762330\Desktop\projects\osteo-vision\research\datasets\public-candidates\d046_fluorescence_osteomyelitis_videos\derived\video_signal_segmentation_20260706\video_signal_segmentation_manifest.csv,video_signal_manifest,,C:\Users\876762330\Desktop\projects\osteo-vision\research\datasets\public-candidates\d046_fluorescence_osteomyelitis_videos\raw\fluorescence_proxy\ofdvdnet_dryad_v6wwpzh3w\extracted\OL-2021-07-20-125913-000039-record.mp4,train,97.4,2048
vsm_d046_video_signal_OFDVDNET_018_frame_000000_eac68e6ff5_fluorescence_hotspot_7072192010d6,0,1536,C:\Users\876762330\Desktop\projects\osteo-vision\research\datasets\public-candidates\d046_fluorescence_osteomyelitis_videos\derived\video_signal_segmentation_20260706\keyframes\d046_video_signal_OFDVDNET_018_frame_000000_eac68e6ff5.jpg,OFDVDnet mock chicken-thigh FGS proxy; not jaw osteomyelitis or real intraoperative target-domain data.,fluorescence_intensity_proxy_mask,C:\Users\876762330\Desktop\projects\osteo-vision\research\datasets\public-candidates\d046_fluorescence_osteomyelitis_videos\derived\video_signal_segmentation_20260706\masks_proxy\d046_video_signal_OFDVDNET_018_frame_000000_eac68e6ff5_fluorescence_signal_mask.png,fluorescence_hotspot,"This multi-mask manifest merges public/proxy video-signal masks and prompt-assisted review masks. It is for platform model training and error analysis only, not real intraoperative ICG jaw osteomyelitis clinical ground truth.",accepted,review_required,1.0,,d046_video_signal_OFDVDNET_018_frame_000000_eac68e6ff5,C:\Users\876762330\Desktop\projects\osteo-vision\research\datasets\public-candidates\d046_fluorescence_osteomyelitis_videos\derived\video_signal_segmentation_20260706\video_signal_segmentation_manifest.csv,video_signal_manifest,,C:\Users\876762330\Desktop\projects\osteo-vision\research\datasets\public-candidates\d046_fluorescence_osteomyelitis_videos\raw\fluorescence_proxy\ofdvdnet_dryad_v6wwpzh3w\extracted\OL-2021-07-20-130045-000042-record.mp4,train,0.0,2048
vsm_d046_video_signal_OFDVDNET_018_frame_000298_26741898e3_fluorescence_hotspot_c86a95d78076,298,1536,C:\Users\876762330\Desktop\projects\osteo-vision\research\datasets\public-candidates\d046_fluorescence_osteomyelitis_videos\derived\video_signal_segmentation_20260706\keyframes\d046_video_signal_OFDVDNET_018_frame_000298_26741898e3.jpg,OFDVDnet mock chicken-thigh FGS proxy; not jaw osteomyelitis or real intraoperative target-domain data.,fluorescence_intensity_proxy_mask,C:\Users\876762330\Desktop\projects\osteo-vision\research\datasets\public-candidates\d046_fluorescence_osteomyelitis_videos\derived\video_signal_segmentation_20260706\masks_proxy\d046_video_signal_OFDVDNET_018_frame_000298_26741898e3_fluorescence_signal_mask.png,fluorescence_hotspot,"This multi-mask manifest merges public/proxy video-signal masks and prompt-assisted review masks. It is for platform model training and error analysis only, not real intraoperative ICG jaw osteomyelitis clinical ground truth.",accepted,review_required,1.0,,d046_video_signal_OFDVDNET_018_frame_000298_26741898e3,C:\Users\876762330\Desktop\projects\osteo-vision\research\datasets\public-candidates\d046_fluorescence_osteomyelitis_videos\derived\video_signal_segmentation_20260706\video_signal_segmentation_manifest.csv,video_signal_manifest,,C:\Users\876762330\Desktop\projects\osteo-vision\research\datasets\public-candidates\d046_fluorescence_osteomyelitis_videos\raw\fluorescence_proxy\ofdvdnet_dryad_v6wwpzh3w\extracted\OL-2021-07-20-130045-000042-record.mp4,val,19.866667,2048
vsm_d046_video_signal_OFDVDNET_018_frame_000596_5a0b63ffcd_fluorescence_hotspot_af0f881d3472,596,1536,C:\Users\876762330\Desktop\projects\osteo-vision\research\datasets\public-candidates\d046_fluorescence_osteomyelitis_videos\derived\video_signal_segmentation_20260706\keyframes\d046_video_signal_OFDVDNET_018_frame_000596_5a0b63ffcd.jpg,OFDVDnet mock chicken-thigh FGS proxy; not jaw osteomyelitis or real intraoperative target-domain data.,fluorescence_intensity_proxy_mask,C:\Users\876762330\Desktop\projects\osteo-vision\research\datasets\public-candidates\d046_fluorescence_osteomyelitis_videos\derived\video_signal_segmentation_20260706\masks_proxy\d046_video_signal_OFDVDNET_018_frame_000596_5a0b63ffcd_fluorescence_signal_mask.png,fluorescence_hotspot,"This multi-mask manifest merges public/proxy video-signal masks and prompt-assisted review masks. It is for platform model training and error analysis only, not real intraoperative ICG jaw osteomyelitis clinical ground truth.",accepted,review_required,1.0,,d046_video_signal_OFDVDNET_018_frame_000596_5a0b63ffcd,C:\Users\876762330\Desktop\projects\osteo-vision\research\datasets\public-candidates\d046_fluorescence_osteomyelitis_videos\derived\video_signal_segmentation_20260706\video_signal_segmentation_manifest.csv,video_signal_manifest,,C:\Users\876762330\Desktop\projects\osteo-vision\research\datasets\public-candidates\d046_fluorescence_osteomyelitis_videos\raw\fluorescence_proxy\ofdvdnet_dryad_v6wwpzh3w\extracted\OL-2021-07-20-130045-000042-record.mp4,val,39.733333,2048
vsm_d046_video_signal_OFDVDNET_018_frame_000895_3abc787afe_fluorescence_hotspot_17d0c3fd34df,895,1536,C:\Users\876762330\Desktop\projects\osteo-vision\research\datasets\public-candidates\d046_fluorescence_osteomyelitis_videos\derived\video_signal_segmentation_20260706\keyframes\d046_video_signal_OFDVDNET_018_frame_000895_3abc787afe.jpg,OFDVDnet mock chicken-thigh FGS proxy; not jaw osteomyelitis or real intraoperative target-domain data.,fluorescence_intensity_proxy_mask,C:\Users\876762330\Desktop\projects\osteo-vision\research\datasets\public-candidates\d046_fluorescence_osteomyelitis_videos\derived\video_signal_segmentation_20260706\masks_proxy\d046_video_signal_OFDVDNET_018_frame_000895_3abc787afe_fluorescence_signal_mask.png,fluorescence_hotspot,"This multi-mask manifest merges public/proxy video-signal masks and prompt-assisted review masks. It is for platform model training and error analysis only, not real intraoperative ICG jaw osteomyelitis clinical ground truth.",accepted,review_required,1.0,,d046_video_signal_OFDVDNET_018_frame_000895_3abc787afe,C:\Users\876762330\Desktop\projects\osteo-vision\research\datasets\public-candidates\d046_fluorescence_osteomyelitis_videos\derived\video_signal_segmentation_20260706\video_signal_segmentation_manifest.csv,video_signal_manifest,,C:\Users\876762330\Desktop\projects\osteo-vision\research\datasets\public-candidates\d046_fluorescence_osteomyelitis_videos\raw\fluorescence_proxy\ofdvdnet_dryad_v6wwpzh3w\extracted\OL-2021-07-20-130045-000042-record.mp4,train,59.666667,2048
vsm_d046_video_signal_OFDVDNET_018_frame_001193_c527211fad_fluorescence_hotspot_9793ea2a4f91,1193,1536,C:\Users\876762330\Desktop\projects\osteo-vision\research\datasets\public-candidates\d046_fluorescence_osteomyelitis_videos\derived\video_signal_segmentation_20260706\keyframes\d046_video_signal_OFDVDNET_018_frame_001193_c527211fad.jpg,OFDVDnet mock chicken-thigh FGS proxy; not jaw osteomyelitis or real intraoperative target-domain data.,fluorescence_intensity_proxy_mask,C:\Users\876762330\Desktop\projects\osteo-vision\research\datasets\public-candidates\d046_fluorescence_osteomyelitis_videos\derived\video_signal_segmentation_20260706\masks_proxy\d046_video_signal_OFDVDNET_018_frame_001193_c527211fad_fluorescence_signal_mask.png,fluorescence_hotspot,"This multi-mask manifest merges public/proxy video-signal masks and prompt-assisted review masks. It is for platform model training and error analysis only, not real intraoperative ICG jaw osteomyelitis clinical ground truth.",accepted,review_required,1.0,,d046_video_signal_OFDVDNET_018_frame_001193_c527211fad,C:\Users\876762330\Desktop\projects\osteo-vision\research\datasets\public-candidates\d046_fluorescence_osteomyelitis_videos\derived\video_signal_segmentation_20260706\video_signal_segmentation_manifest.csv,video_signal_manifest,,C:\Users\876762330\Desktop\projects\osteo-vision\research\datasets\public-candidates\d046_fluorescence_osteomyelitis_videos\raw\fluorescence_proxy\ofdvdnet_dryad_v6wwpzh3w\extracted\OL-2021-07-20-130045-000042-record.mp4,train,79.533333,2048
vsm_d046_video_signal_OFDVDNET_019_frame_000000_e8bd44cc84_fluorescence_hotspot_838fb3e9afc1,0,1536,C:\Users\876762330\Desktop\projects\osteo-vision\research\datasets\public-candidates\d046_fluorescence_osteomyelitis_videos\derived\video_signal_segmentation_20260706\keyframes\d046_video_signal_OFDVDNET_019_frame_000000_e8bd44cc84.jpg,OFDVDnet mock chicken-thigh FGS proxy; not jaw osteomyelitis or real intraoperative target-domain data.,fluorescence_intensity_proxy_mask,C:\Users\876762330\Desktop\projects\osteo-vision\research\datasets\public-candidates\d046_fluorescence_osteomyelitis_videos\derived\video_signal_segmentation_20260706\masks_proxy\d046_video_signal_OFDVDNET_019_frame_000000_e8bd44cc84_fluorescence_signal_mask.png,fluorescence_hotspot,"This multi-mask manifest merges public/proxy video-signal masks and prompt-assisted review masks. It is for platform model training and error analysis only, not real intraoperative ICG jaw osteomyelitis clinical ground truth.",accepted,review_required,1.0,,d046_video_signal_OFDVDNET_019_frame_000000_e8bd44cc84,C:\Users\876762330\Desktop\projects\osteo-vision\research\datasets\public-candidates\d046_fluorescence_osteomyelitis_videos\derived\video_signal_segmentation_20260706\video_signal_segmentation_manifest.csv,video_signal_manifest,,C:\Users\876762330\Desktop\projects\osteo-vision\research\datasets\public-candidates\d046_fluorescence_osteomyelitis_videos\raw\fluorescence_proxy\ofdvdnet_dryad_v6wwpzh3w\extracted\OL-2021-07-20-130202-000045-record.mp4,train,0.0,2048
vsm_d046_video_signal_OFDVDNET_019_frame_000177_cdac80ab83_fluorescence_hotspot_48799277987f,177,1536,C:\Users\876762330\Desktop\projects\osteo-vision\research\datasets\public-candidates\d046_fluorescence_osteomyelitis_videos\derived\video_signal_segmentation_20260706\keyframes\d046_video_signal_OFDVDNET_019_frame_000177_cdac80ab83.jpg,OFDVDnet mock chicken-thigh FGS proxy; not jaw osteomyelitis or real intraoperative target-domain data.,fluorescence_intensity_proxy_mask,C:\Users\876762330\Desktop\projects\osteo-vision\research\datasets\public-candidates\d046_fluorescence_osteomyelitis_videos\derived\video_signal_segmentation_20260706\masks_proxy\d046_video_signal_OFDVDNET_019_frame_000177_cdac80ab83_fluorescence_signal_mask.png,fluorescence_hotspot,"This multi-mask manifest merges public/proxy video-signal masks and prompt-assisted review masks. It is for platform model training and error analysis only, not real intraoperative ICG jaw osteomyelitis clinical ground truth.",accepted,review_required,1.0,,d046_video_signal_OFDVDNET_019_frame_000177_cdac80ab83,C:\Users\876762330\Desktop\projects\osteo-vision\research\datasets\public-candidates\d046_fluorescence_osteomyelitis_videos\derived\video_signal_segmentation_20260706\video_signal_segmentation_manifest.csv,video_signal_manifest,,C:\Users\876762330\Desktop\projects\osteo-vision\research\datasets\public-candidates\d046_fluorescence_osteomyelitis_videos\raw\fluorescence_proxy\ofdvdnet_dryad_v6wwpzh3w\extracted\OL-2021-07-20-130202-000045-record.mp4,val,11.8,2048
vsm_d046_video_signal_OFDVDNET_019_frame_000354_3dbed882d4_fluorescence_hotspot_a6b22f46d882,354,1536,C:\Users\876762330\Desktop\projects\osteo-vision\research\datasets\public-candidates\d046_fluorescence_osteomyelitis_videos\derived\video_signal_segmentation_20260706\keyframes\d046_video_signal_OFDVDNET_019_frame_000354_3dbed882d4.jpg,OFDVDnet mock chicken-thigh FGS proxy; not jaw osteomyelitis or real intraoperative target-domain data.,fluorescence_intensity_proxy_mask,C:\Users\876762330\Desktop\projects\osteo-vision\research\datasets\public-candidates\d046_fluorescence_osteomyelitis_videos\derived\video_signal_segmentation_20260706\masks_proxy\d046_video_signal_OFDVDNET_019_frame_000354_3dbed882d4_fluorescence_signal_mask.png,fluorescence_hotspot,"This multi-mask manifest merges public/proxy video-signal masks and prompt-assisted review masks. It is for platform model training and error analysis only, not real intraoperative ICG jaw osteomyelitis clinical ground truth.",accepted,review_required,1.0,,d046_video_signal_OFDVDNET_019_frame_000354_3dbed882d4,C:\Users\876762330\Desktop\projects\osteo-vision\research\datasets\public-candidates\d046_fluorescence_osteomyelitis_videos\derived\video_signal_segmentation_20260706\video_signal_segmentation_manifest.csv,video_signal_manifest,,C:\Users\876762330\Desktop\projects\osteo-vision\research\datasets\public-candidates\d046_fluorescence_osteomyelitis_videos\raw\fluorescence_proxy\ofdvdnet_dryad_v6wwpzh3w\extracted\OL-2021-07-20-130202-000045-record.mp4,train,23.6,2048
vsm_d046_video_signal_OFDVDNET_019_frame_000530_401092f653_fluorescence_hotspot_94176118364a,530,1536,C:\Users\876762330\Desktop\projects\osteo-vision\research\datasets\public-candidates\d046_fluorescence_osteomyelitis_videos\derived\video_signal_segmentation_20260706\keyframes\d046_video_signal_OFDVDNET_019_frame_000530_401092f653.jpg,OFDVDnet mock chicken-thigh FGS proxy; not jaw osteomyelitis or real intraoperative target-domain data.,fluorescence_intensity_proxy_mask,C:\Users\876762330\Desktop\projects\osteo-vision\research\datasets\public-candidates\d046_fluorescence_osteomyelitis_videos\derived\video_signal_segmentation_20260706\masks_proxy\d046_video_signal_OFDVDNET_019_frame_000530_401092f653_fluorescence_signal_mask.png,fluorescence_hotspot,"This multi-mask manifest merges public/proxy video-signal masks and prompt-assisted review masks. It is for platform model training and error analysis only, not real intraoperative ICG jaw osteomyelitis clinical ground truth.",accepted,review_required,1.0,,d046_video_signal_OFDVDNET_019_frame_000530_401092f653,C:\Users\876762330\Desktop\projects\osteo-vision\research\datasets\public-candidates\d046_fluorescence_osteomyelitis_videos\derived\video_signal_segmentation_20260706\video_signal_segmentation_manifest.csv,video_signal_manifest,,C:\Users\876762330\Desktop\projects\osteo-vision\research\datasets\public-candidates\d046_fluorescence_osteomyelitis_videos\raw\fluorescence_proxy\ofdvdnet_dryad_v6wwpzh3w\extracted\OL-2021-07-20-130202-000045-record.mp4,train,35.333333,2048
vsm_d046_video_signal_OFDVDNET_019_frame_000707_138f8ac768_fluorescence_hotspot_63b8ddb22a67,707,1536,C:\Users\876762330\Desktop\projects\osteo-vision\research\datasets\public-candidates\d046_fluorescence_osteomyelitis_videos\derived\video_signal_segmentation_20260706\keyframes\d046_video_signal_OFDVDNET_019_frame_000707_138f8ac768.jpg,OFDVDnet mock chicken-thigh FGS proxy; not jaw osteomyelitis or real intraoperative target-domain data.,fluorescence_intensity_proxy_mask,C:\Users\876762330\Desktop\projects\osteo-vision\research\datasets\public-candidates\d046_fluorescence_osteomyelitis_videos\derived\video_signal_segmentation_20260706\masks_proxy\d046_video_signal_OFDVDNET_019_frame_000707_138f8ac768_fluorescence_signal_mask.png,fluorescence_hotspot,"This multi-mask manifest merges public/proxy video-signal masks and prompt-assisted review masks. It is for platform model training and error analysis only, not real intraoperative ICG jaw osteomyelitis clinical ground truth.",accepted,review_required,1.0,,d046_video_signal_OFDVDNET_019_frame_000707_138f8ac768,C:\Users\876762330\Desktop\projects\osteo-vision\research\datasets\public-candidates\d046_fluorescence_osteomyelitis_videos\derived\video_signal_segmentation_20260706\video_signal_segmentation_manifest.csv,video_signal_manifest,,C:\Users\876762330\Desktop\projects\osteo-vision\research\datasets\public-candidates\d046_fluorescence_osteomyelitis_videos\raw\fluorescence_proxy\ofdvdnet_dryad_v6wwpzh3w\extracted\OL-2021-07-20-130202-000045-record.mp4,val,47.133333,2048
vsm_d046_video_signal_OFDVDNET_020_frame_000000_48d1a11c27_fluorescence_hotspot_f6407db401ba,0,1536,C:\Users\876762330\Desktop\projects\osteo-vision\research\datasets\public-candidates\d046_fluorescence_osteomyelitis_videos\derived\video_signal_segmentation_20260706\keyframes\d046_video_signal_OFDVDNET_020_frame_000000_48d1a11c27.jpg,OFDVDnet mock chicken-thigh FGS proxy; not jaw osteomyelitis or real intraoperative target-domain data.,fluorescence_intensity_proxy_mask,C:\Users\876762330\Desktop\projects\osteo-vision\research\datasets\public-candidates\d046_fluorescence_osteomyelitis_videos\derived\video_signal_segmentation_20260706\masks_proxy\d046_video_signal_OFDVDNET_020_frame_000000_48d1a11c27_fluorescence_signal_mask.png,fluorescence_hotspot,"This multi-mask manifest merges public/proxy video-signal masks and prompt-assisted review masks. It is for platform model training and error analysis only, not real intraoperative ICG jaw osteomyelitis clinical ground truth.",accepted,review_required,1.0,,d046_video_signal_OFDVDNET_020_frame_000000_48d1a11c27,C:\Users\876762330\Desktop\projects\osteo-vision\research\datasets\public-candidates\d046_fluorescence_osteomyelitis_videos\derived\video_signal_segmentation_20260706\video_signal_segmentation_manifest.csv,video_signal_manifest,,C:\Users\876762330\Desktop\projects\osteo-vision\research\datasets\public-candidates\d046_fluorescence_osteomyelitis_videos\raw\fluorescence_proxy\ofdvdnet_dryad_v6wwpzh3w\extracted\OL-2021-07-20-130706-000003-record.mp4,val,0.0,2048
vsm_d046_video_signal_OFDVDNET_020_frame_000312_5931ef276c_fluorescence_hotspot_156343c3d798,312,1536,C:\Users\876762330\Desktop\projects\osteo-vision\research\datasets\public-candidates\d046_fluorescence_osteomyelitis_videos\derived\video_signal_segmentation_20260706\keyframes\d046_video_signal_OFDVDNET_020_frame_000312_5931ef276c.jpg,OFDVDnet mock chicken-thigh FGS proxy; not jaw osteomyelitis or real intraoperative target-domain data.,fluorescence_intensity_proxy_mask,C:\Users\876762330\Desktop\projects\osteo-vision\research\datasets\public-candidates\d046_fluorescence_osteomyelitis_videos\derived\video_signal_segmentation_20260706\masks_proxy\d046_video_signal_OFDVDNET_020_frame_000312_5931ef276c_fluorescence_signal_mask.png,fluorescence_hotspot,"This multi-mask manifest merges public/proxy video-signal masks and prompt-assisted review masks. It is for platform model training and error analysis only, not real intraoperative ICG jaw osteomyelitis clinical ground truth.",accepted,review_required,1.0,,d046_video_signal_OFDVDNET_020_frame_000312_5931ef276c,C:\Users\876762330\Desktop\projects\osteo-vision\research\datasets\public-candidates\d046_fluorescence_osteomyelitis_videos\derived\video_signal_segmentation_20260706\video_signal_segmentation_manifest.csv,video_signal_manifest,,C:\Users\876762330\Desktop\projects\osteo-vision\research\datasets\public-candidates\d046_fluorescence_osteomyelitis_videos\raw\fluorescence_proxy\ofdvdnet_dryad_v6wwpzh3w\extracted\OL-2021-07-20-130706-000003-record.mp4,train,20.8,2048
vsm_d046_video_signal_OFDVDNET_020_frame_000624_4d86e02ab6_fluorescence_hotspot_0be474abb129,624,1536,C:\Users\876762330\Desktop\projects\osteo-vision\research\datasets\public-candidates\d046_fluorescence_osteomyelitis_videos\derived\video_signal_segmentation_20260706\keyframes\d046_video_signal_OFDVDNET_020_frame_000624_4d86e02ab6.jpg,OFDVDnet mock chicken-thigh FGS proxy; not jaw osteomyelitis or real intraoperative target-domain data.,fluorescence_intensity_proxy_mask,C:\Users\876762330\Desktop\projects\osteo-vision\research\datasets\public-candidates\d046_fluorescence_osteomyelitis_videos\derived\video_signal_segmentation_20260706\masks_proxy\d046_video_signal_OFDVDNET_020_frame_000624_4d86e02ab6_fluorescence_signal_mask.png,fluorescence_hotspot,"This multi-mask manifest merges public/proxy video-signal masks and prompt-assisted review masks. It is for platform model training and error analysis only, not real intraoperative ICG jaw osteomyelitis clinical ground truth.",accepted,review_required,1.0,,d046_video_signal_OFDVDNET_020_frame_000624_4d86e02ab6,C:\Users\876762330\Desktop\projects\osteo-vision\research\datasets\public-candidates\d046_fluorescence_osteomyelitis_videos\derived\video_signal_segmentation_20260706\video_signal_segmentation_manifest.csv,video_signal_manifest,,C:\Users\876762330\Desktop\projects\osteo-vision\research\datasets\public-candidates\d046_fluorescence_osteomyelitis_videos\raw\fluorescence_proxy\ofdvdnet_dryad_v6wwpzh3w\extracted\OL-2021-07-20-130706-000003-record.mp4,train,41.6,2048
vsm_d046_video_signal_OFDVDNET_020_frame_000936_bb88e178eb_fluorescence_hotspot_0c12a5c6a6a2,936,1536,C:\Users\876762330\Desktop\projects\osteo-vision\research\datasets\public-candidates\d046_fluorescence_osteomyelitis_videos\derived\video_signal_segmentation_20260706\keyframes\d046_video_signal_OFDVDNET_020_frame_000936_bb88e178eb.jpg,OFDVDnet mock chicken-thigh FGS proxy; not jaw osteomyelitis or real intraoperative target-domain data.,fluorescence_intensity_proxy_mask,C:\Users\876762330\Desktop\projects\osteo-vision\research\datasets\public-candidates\d046_fluorescence_osteomyelitis_videos\derived\video_signal_segmentation_20260706\masks_proxy\d046_video_signal_OFDVDNET_020_frame_000936_bb88e178eb_fluorescence_signal_mask.png,fluorescence_hotspot,"This multi-mask manifest merges public/proxy video-signal masks and prompt-assisted review masks. It is for platform model training and error analysis only, not real intraoperative ICG jaw osteomyelitis clinical ground truth.",accepted,review_required,1.0,,d046_video_signal_OFDVDNET_020_frame_000936_bb88e178eb,C:\Users\876762330\Desktop\projects\osteo-vision\research\datasets\public-candidates\d046_fluorescence_osteomyelitis_videos\derived\video_signal_segmentation_20260706\video_signal_segmentation_manifest.csv,video_signal_manifest,,C:\Users\876762330\Desktop\projects\osteo-vision\research\datasets\public-candidates\d046_fluorescence_osteomyelitis_videos\raw\fluorescence_proxy\ofdvdnet_dryad_v6wwpzh3w\extracted\OL-2021-07-20-130706-000003-record.mp4,train,62.4,2048
vsm_d046_video_signal_OFDVDNET_020_frame_001248_c26b03f939_fluorescence_hotspot_0e0c293f4d7e,1248,1536,C:\Users\876762330\Desktop\projects\osteo-vision\research\datasets\public-candidates\d046_fluorescence_osteomyelitis_videos\derived\video_signal_segmentation_20260706\keyframes\d046_video_signal_OFDVDNET_020_frame_001248_c26b03f939.jpg,OFDVDnet mock chicken-thigh FGS proxy; not jaw osteomyelitis or real intraoperative target-domain data.,fluorescence_intensity_proxy_mask,C:\Users\876762330\Desktop\projects\osteo-vision\research\datasets\public-candidates\d046_fluorescence_osteomyelitis_videos\derived\video_signal_segmentation_20260706\masks_proxy\d046_video_signal_OFDVDNET_020_frame_001248_c26b03f939_fluorescence_signal_mask.png,fluorescence_hotspot,"This multi-mask manifest merges public/proxy video-signal masks and prompt-assisted review masks. It is for platform model training and error analysis only, not real intraoperative ICG jaw osteomyelitis clinical ground truth.",accepted,review_required,1.0,,d046_video_signal_OFDVDNET_020_frame_001248_c26b03f939,C:\Users\876762330\Desktop\projects\osteo-vision\research\datasets\public-candidates\d046_fluorescence_osteomyelitis_videos\derived\video_signal_segmentation_20260706\video_signal_segmentation_manifest.csv,video_signal_manifest,,C:\Users\876762330\Desktop\projects\osteo-vision\research\datasets\public-candidates\d046_fluorescence_osteomyelitis_videos\raw\fluorescence_proxy\ofdvdnet_dryad_v6wwpzh3w\extracted\OL-2021-07-20-130706-000003-record.mp4,val,83.2,2048
vsm_d046_video_signal_OFDVDNET_021_frame_000000_d4a374382e_fluorescence_hotspot_ee0bb8f77243,0,1536,C:\Users\876762330\Desktop\projects\osteo-vision\research\datasets\public-candidates\d046_fluorescence_osteomyelitis_videos\derived\video_signal_segmentation_20260706\keyframes\d046_video_signal_OFDVDNET_021_frame_000000_d4a374382e.jpg,OFDVDnet mock chicken-thigh FGS proxy; not jaw osteomyelitis or real intraoperative target-domain data.,fluorescence_intensity_proxy_mask,C:\Users\876762330\Desktop\projects\osteo-vision\research\datasets\public-candidates\d046_fluorescence_osteomyelitis_videos\derived\video_signal_segmentation_20260706\masks_proxy\d046_video_signal_OFDVDNET_021_frame_000000_d4a374382e_fluorescence_signal_mask.png,fluorescence_hotspot,"This multi-mask manifest merges public/proxy video-signal masks and prompt-assisted review masks. It is for platform model training and error analysis only, not real intraoperative ICG jaw osteomyelitis clinical ground truth.",accepted,review_required,1.0,,d046_video_signal_OFDVDNET_021_frame_000000_d4a374382e,C:\Users\876762330\Desktop\projects\osteo-vision\research\datasets\public-candidates\d046_fluorescence_osteomyelitis_videos\derived\video_signal_segmentation_20260706\video_signal_segmentation_manifest.csv,video_signal_manifest,,C:\Users\876762330\Desktop\projects\osteo-vision\research\datasets\public-candidates\d046_fluorescence_osteomyelitis_videos\raw\fluorescence_proxy\ofdvdnet_dryad_v6wwpzh3w\extracted\OL-2021-07-20-130832-000006-record.mp4,val,0.0,2048
vsm_d046_video_signal_OFDVDNET_021_frame_000320_02970b82d9_fluorescence_hotspot_91420724ce6d,320,1536,C:\Users\876762330\Desktop\projects\osteo-vision\research\datasets\public-candidates\d046_fluorescence_osteomyelitis_videos\derived\video_signal_segmentation_20260706\keyframes\d046_video_signal_OFDVDNET_021_frame_000320_02970b82d9.jpg,OFDVDnet mock chicken-thigh FGS proxy; not jaw osteomyelitis or real intraoperative target-domain data.,fluorescence_intensity_proxy_mask,C:\Users\876762330\Desktop\projects\osteo-vision\research\datasets\public-candidates\d046_fluorescence_osteomyelitis_videos\derived\video_signal_segmentation_20260706\masks_proxy\d046_video_signal_OFDVDNET_021_frame_000320_02970b82d9_fluorescence_signal_mask.png,fluorescence_hotspot,"This multi-mask manifest merges public/proxy video-signal masks and prompt-assisted review masks. It is for platform model training and error analysis only, not real intraoperative ICG jaw osteomyelitis clinical ground truth.",accepted,review_required,1.0,,d046_video_signal_OFDVDNET_021_frame_000320_02970b82d9,C:\Users\876762330\Desktop\projects\osteo-vision\research\datasets\public-candidates\d046_fluorescence_osteomyelitis_videos\derived\video_signal_segmentation_20260706\video_signal_segmentation_manifest.csv,video_signal_manifest,,C:\Users\876762330\Desktop\projects\osteo-vision\research\datasets\public-candidates\d046_fluorescence_osteomyelitis_videos\raw\fluorescence_proxy\ofdvdnet_dryad_v6wwpzh3w\extracted\OL-2021-07-20-130832-000006-record.mp4,train,21.333333,2048
vsm_d046_video_signal_OFDVDNET_021_frame_000640_43099bb4e0_fluorescence_hotspot_0a0fdd2ffdb7,640,1536,C:\Users\876762330\Desktop\projects\osteo-vision\research\datasets\public-candidates\d046_fluorescence_osteomyelitis_videos\derived\video_signal_segmentation_20260706\keyframes\d046_video_signal_OFDVDNET_021_frame_000640_43099bb4e0.jpg,OFDVDnet mock chicken-thigh FGS proxy; not jaw osteomyelitis or real intraoperative target-domain data.,fluorescence_intensity_proxy_mask,C:\Users\876762330\Desktop\projects\osteo-vision\research\datasets\public-candidates\d046_fluorescence_osteomyelitis_videos\derived\video_signal_segmentation_20260706\masks_proxy\d046_video_signal_OFDVDNET_021_frame_000640_43099bb4e0_fluorescence_signal_mask.png,fluorescence_hotspot,"This multi-mask manifest merges public/proxy video-signal masks and prompt-assisted review masks. It is for platform model training and error analysis only, not real intraoperative ICG jaw osteomyelitis clinical ground truth.",accepted,review_required,1.0,,d046_video_signal_OFDVDNET_021_frame_000640_43099bb4e0,C:\Users\876762330\Desktop\projects\osteo-vision\research\datasets\public-candidates\d046_fluorescence_osteomyelitis_videos\derived\video_signal_segmentation_20260706\video_signal_segmentation_manifest.csv,video_signal_manifest,,C:\Users\876762330\Desktop\projects\osteo-vision\research\datasets\public-candidates\d046_fluorescence_osteomyelitis_videos\raw\fluorescence_proxy\ofdvdnet_dryad_v6wwpzh3w\extracted\OL-2021-07-20-130832-000006-record.mp4,val,42.666667,2048
vsm_d046_video_signal_OFDVDNET_021_frame_000961_fb04ce38cd_fluorescence_hotspot_34c5b1de1b2e,961,1536,C:\Users\876762330\Desktop\projects\osteo-vision\research\datasets\public-candidates\d046_fluorescence_osteomyelitis_videos\derived\video_signal_segmentation_20260706\keyframes\d046_video_signal_OFDVDNET_021_frame_000961_fb04ce38cd.jpg,OFDVDnet mock chicken-thigh FGS proxy; not jaw osteomyelitis or real intraoperative target-domain data.,fluorescence_intensity_proxy_mask,C:\Users\876762330\Desktop\projects\osteo-vision\research\datasets\public-candidates\d046_fluorescence_osteomyelitis_videos\derived\video_signal_segmentation_20260706\masks_proxy\d046_video_signal_OFDVDNET_021_frame_000961_fb04ce38cd_fluorescence_signal_mask.png,fluorescence_hotspot,"This multi-mask manifest merges public/proxy video-signal masks and prompt-assisted review masks. It is for platform model training and error analysis only, not real intraoperative ICG jaw osteomyelitis clinical ground truth.",accepted,review_required,1.0,,d046_video_signal_OFDVDNET_021_frame_000961_fb04ce38cd,C:\Users\876762330\Desktop\projects\osteo-vision\research\datasets\public-candidates\d046_fluorescence_osteomyelitis_videos\derived\video_signal_segmentation_20260706\video_signal_segmentation_manifest.csv,video_signal_manifest,,C:\Users\876762330\Desktop\projects\osteo-vision\research\datasets\public-candidates\d046_fluorescence_osteomyelitis_videos\raw\fluorescence_proxy\ofdvdnet_dryad_v6wwpzh3w\extracted\OL-2021-07-20-130832-000006-record.mp4,train,64.066667,2048
vsm_d046_video_signal_OFDVDNET_021_frame_001281_cc36b50673_fluorescence_hotspot_a8b24d4504b0,1281,1536,C:\Users\876762330\Desktop\projects\osteo-vision\research\datasets\public-candidates\d046_fluorescence_osteomyelitis_videos\derived\video_signal_segmentation_20260706\keyframes\d046_video_signal_OFDVDNET_021_frame_001281_cc36b50673.jpg,OFDVDnet mock chicken-thigh FGS proxy; not jaw osteomyelitis or real intraoperative target-domain data.,fluorescence_intensity_proxy_mask,C:\Users\876762330\Desktop\projects\osteo-vision\research\datasets\public-candidates\d046_fluorescence_osteomyelitis_videos\derived\video_signal_segmentation_20260706\masks_proxy\d046_video_signal_OFDVDNET_021_frame_001281_cc36b50673_fluorescence_signal_mask.png,fluorescence_hotspot,"This multi-mask manifest merges public/proxy video-signal masks and prompt-assisted review masks. It is for platform model training and error analysis only, not real intraoperative ICG jaw osteomyelitis clinical ground truth.",accepted,review_required,1.0,,d046_video_signal_OFDVDNET_021_frame_001281_cc36b50673,C:\Users\876762330\Desktop\projects\osteo-vision\research\datasets\public-candidates\d046_fluorescence_osteomyelitis_videos\derived\video_signal_segmentation_20260706\video_signal_segmentation_manifest.csv,video_signal_manifest,,C:\Users\876762330\Desktop\projects\osteo-vision\research\datasets\public-candidates\d046_fluorescence_osteomyelitis_videos\raw\fluorescence_proxy\ofdvdnet_dryad_v6wwpzh3w\extracted\OL-2021-07-20-130832-000006-record.mp4,train,85.4,2048
vsm_round2_prompt_seed_exposed_bone_f91bfaaaef38,0,1536,C:\Users\876762330\Desktop\projects\osteo-vision\research\datasets\public-candidates\d046_fluorescence_osteomyelitis_videos\derived\video_signal_segmentation_20260706\keyframes\d046_video_signal_OFDVDNET_001_frame_000000_c996d9b591.jpg,prompt_assisted_review_non_target_domain,prompt_assisted_review,C:\Users\876762330\Desktop\projects\osteo-vision\research\datasets\public-candidates\d046_fluorescence_osteomyelitis_videos\derived\video_signal_multimask_20260707\prompt_seed\d046_video_signal_OFDVDNET_001_frame_000000_c996d9b591_seed_bone_gate_medsam2_osteo_promptable_prompt_mask.png,exposed_bone,"This multi-mask manifest merges public/proxy video-signal masks and prompt-assisted review masks. It is for platform model training and error analysis only, not real intraoperative ICG jaw osteomyelitis clinical ground truth.",reviewed,modified,4.0,seed_bone_gate_001,round2_prompt_seed,C:\Users\876762330\Desktop\projects\osteo-vision\research\datasets\public-candidates\d046_fluorescence_osteomyelitis_videos\derived\video_signal_multimask_20260707\prompt_seed\prompt_assisted_review_manifest.json,candidate_region,,C:\Users\876762330\Desktop\projects\osteo-vision\research\datasets\public-candidates\d046_fluorescence_osteomyelitis_videos\raw\fluorescence_proxy\ofdvdnet_dryad_v6wwpzh3w\extracted\OL-2021-07-20-121707-000004-record.mp4,train,0.0,2048
